blue,order,red1,red2,red3,red4,red5,red6,sno
11,26 28 11 13 10 12,10,11,12,13,26,28,3001
12,09 04 26 21 19 20,4,9,19,20,21,26,3002
16,23 07 28 10 01 32,1,7,10,23,28,32,3003
3,13 04 07 25 06 10,4,6,7,10,13,25,3004
16,04 30 17 15 31 06,4,6,15,17,30,31,3005
6,01 10 27 26 21 03,1,3,10,21,26,27,3006
7,23 19 09 26 01 21,1,9,19,21,23,26,3007
8,09 08 17 23 14 05,5,8,9,14,17,23,3008
9,30 18 09 22 05 20,5,9,18,20,22,30,3009
13,01 17 24 08 02 13,1,2,8,13,17,24,3010
15,12 11 30 04 05 32,4,5,11,12,30,32,3011
12,17 02 12 16 27 30,2,12,16,17,27,30,3012
12,23 13 08 32 17 21,8,13,17,21,23,32,3013
2,03 21 07 31 08 05,3,5,7,8,21,31,3014
13,25 26 04 11 32 19,4,11,19,25,26,32,3015
6,30 33 11 17 28 31,11,17,28,30,31,33,3016
6,25 31 18 08 05 23,5,8,18,23,25,31,3017
13,16 20 05 19 25 28,5,16,19,20,25,28,3018
9,12 33 13 08 16 04,4,8,12,13,16,33,3019
4,26 25 27 32 10 07,7,10,25,26,27,32,3020
1,15 18 30 26 25 14,14,15,18,25,26,30,3021
8,14 02 32 11 07 12,2,7,11,12,14,32,3022
2,20 31 22 10 26 01,1,10,20,22,26,31,3023
14,15 02 30 17 22 07,2,7,15,17,22,30,3024
12,27 01 14 05 13 11,1,5,11,13,14,27,3025
16,31 26 13 08 29 15,8,13,15,26,29,31,3026
15,17 27 11 28 14 01,1,11,14,17,27,28,3027
7,13 32 16 20 06 28,6,13,16,20,28,32,3028
10,15 32 07 02 26 29,2,7,15,26,29,32,3029
7,27 23 06 13 02 14,2,6,13,14,23,27,3030
1,32 22 17 28 11 20,11,17,20,22,28,32,3031
13,25 27 04 29 30 11,4,11,25,27,29,30,3032
10,27 30 20 01 07 14,1,7,14,20,27,30,3033
14,08 25 16 23 13 14,8,13,14,16,23,25,3034
8,10 04 05 08 11 03,3,4,5,8,10,11,3035
15,27 24 21 07 25 28,7,21,24,25,27,28,3036
7,14 32 26 09 18 17,9,14,17,18,26,32,3037
16,08 07 24 05 25 27,5,7,8,24,25,27,3038
3,05 27 24 23 03 32,3,5,23,24,27,32,3039
16,23 14 04 05 12 06,4,5,6,12,14,23,3040
11,17 18 24 03 02 25,2,3,17,18,24,25,3041
7,20 05 10 15 03 07,3,5,7,10,15,20,3042
13,20 02 08 19 10 32,2,8,10,19,20,32,3043
15,16 33 32 09 05 02,2,5,9,16,32,33,3044
3,03 15 17 07 32 14,3,7,14,15,17,32,3045
11,11 10 07 08 17 26,7,8,10,11,17,26,3046
16,03 32 17 26 33 28,3,17,26,28,32,33,3047
9,31 28 30 20 12 10,10,12,20,28,30,31,3048
15,24 25 13 03 06 07,3,6,7,13,24,25,3049
13,24 23 26 02 17 08,2,8,17,23,24,26,3050
1,13 04 17 24 27 15,4,13,15,17,24,27,3051
11,01 30 12 13 31 23,1,12,13,23,30,31,3052
13,20 29 19 21 28 15,15,19,20,21,28,29,3053
12,09 02 33 21 31 05,2,5,9,21,31,33,3054
16,28 13 16 06 31 21,6,13,16,21,28,31,3055
7,17 08 28 29 21 26,8,17,21,26,28,29,3056
16,25 31 18 24 30 19,18,19,24,25,30,31,3057
2,11 32 33 16 09 28,9,11,16,28,32,33,3058
4,06 05 03 30 18 02,2,3,5,6,18,30,3059
11,06 28 04 17 02 21,2,4,6,17,21,28,3060
2,28 20 32 21 05 03,3,5,20,21,28,32,3061
14,12 06 01 20 19 32,1,6,12,19,20,32,3062
11,08 09 33 05 14 21,5,8,9,14,21,33,3063
1,04 30 06 15 08 12,4,6,8,12,15,30,3064
11,30 06 15 16 17 33,6,15,16,17,30,33,3065
14,32 20 07 03 08 24,3,7,8,20,24,32,3066
10,13 12 31 11 27 05,5,11,12,13,27,31,3067
11,27 09 25 32 19 33,9,19,25,27,32,33,3068
11,16 28 19 07 11 26,7,11,16,19,26,28,3069
8,17 02 01 18 04 19,1,2,4,17,18,19,3070
11,11 09 33 12 14 15,9,11,12,14,15,33,3071
11,27 03 19 06 08 11,3,6,8,11,19,27,3072
13,21 23 14 12 02 30,2,12,14,21,23,30,3073
1,32 12 02 22 19 27,2,12,19,22,27,32,3074
11,17 22 31 33 16 19,16,17,19,22,31,33,3075
2,13 18 29 20 01 16,1,13,16,18,20,29,3076
6,24 16 12 04 22 25,4,12,16,22,24,25,3077
11,26 23 30 12 29 07,7,12,23,26,29,30,3078
4,23 31 22 12 26 15,12,15,22,23,26,31,3079
10,24 28 20 09 30 25,9,20,24,25,28,30,3080
7,01 02 29 26 30 14,1,2,14,26,29,30,3081
14,18 30 31 07 17 19,7,17,18,19,30,31,3082
1,28 01 18 14 03 26,1,3,14,18,26,28,3083
3,07 17 10 02 06 33,2,6,7,10,17,33,3084
14,19 01 04 12 11 27,1,4,11,12,19,27,3085
13,18 30 16 05 26 12,5,12,16,18,26,30,3086
13,05 02 04 24 28 03,2,3,4,5,24,28,3087
12,10 21 24 03 33 22,3,10,21,22,24,33,3088
16,26 19 21 33 27 18,18,19,21,26,27,33,3089
7,07 02 03 25 01 10,1,2,3,7,10,25,4001
11,12 10 31 22 30 18,10,12,18,22,30,31,4002
8,06 03 05 26 33 17,3,5,6,17,26,33,4003
9,29 23 19 10 25 22,10,19,22,23,25,29,4004
7,17 09 16 13 18 11,9,11,13,16,17,18,4005
6,12 20 23 32 18 04,4,12,18,20,23,32,4006
9,25 12 17 28 20 04,4,12,17,20,25,28,4007
13,01 33 32 22 10 07,1,7,10,22,32,33,4008
11,16 10 09 24 01 22,1,9,10,16,22,24,4009
15,19 07 14 13 08 06,6,7,8,13,14,19,4010
3,28 13 04 01 23 30,1,4,13,23,28,30,4011
8,31 33 07 30 01 27,1,7,27,30,31,33,4012
13,21 29 14 12 30 32,12,14,21,29,30,32,4013
12,07 26 11 03 20 17,3,7,11,17,20,26,4014
13,22 23 01 05 18 03,1,3,5,18,22,23,4015
5,30 32 04 28 08 07,4,7,8,28,30,32,4016
9,15 31 25 12 14 05,5,12,14,15,25,31,4017
6,05 06 28 08 02 30,2,5,6,8,28,30,4018
4,11 24 32 23 05 10,5,10,11,23,24,32,4019
4,22 01 31 02 28 09,1,2,9,22,28,31,4020
10,26 05 09 27 17 11,5,9,11,17,26,27,4021
6,30 14 10 03 20 19,3,10,14,19,20,30,4022
3,30 14 19 01 08 17,1,8,14,17,19,30,4023
6,25 21 13 32 23 01,1,13,21,23,25,32,4024
4,33 10 08 29 24 07,7,8,10,24,29,33,4025
15,28 04 10 32 18 14,4,10,14,18,28,32,4026
11,05 32 01 09 10 18,1,5,9,10,18,32,4027
12,10 02 01 03 05 22,1,2,3,5,10,22,4028
5,13 32 22 24 20 09,9,13,20,22,24,32,4029
5,26 17 01 31 09 07,1,7,9,17,26,31,4030
11,21 24 19 06 20 03,3,6,19,20,21,24,4031
13,02 15 08 31 11 05,2,5,8,11,15,31,4032
1,04 09 08 20 01 19,1,4,8,9,19,20,4033
14,02 20 07 30 13 27,2,7,13,20,27,30,4034
16,08 30 27 32 26 02,2,8,26,27,30,32,4035
1,02 13 26 30 18 17,2,13,17,18,26,30,4036
5,26 04 11 17 20 03,3,4,11,17,20,26,4037
7,29 11 25 17 16 28,11,16,17,25,28,29,4038
3,29 25 18 16 10 26,10,16,18,25,26,29,4039
11,07 29 21 17 19 20,7,17,19,20,21,29,4040
14,17 25 29 22 10 08,8,10,17,22,25,29,4041
2,06 10 21 17 13 18,6,10,13,17,18,21,4042
10,09 10 24 21 04 22,4,9,10,21,22,24,4043
5,12 06 07 31 32 02,2,6,7,12,31,32,4044
13,26 01 18 27 12 28,1,12,18,26,27,28,4045
14,15 16 23 07 32 22,7,15,16,22,23,32,4046
6,08 27 31 11 01 07,1,7,8,11,27,31,4047
9,29 11 08 17 09 16,8,9,11,16,17,29,4048
9,14 11 25 12 29 16,11,12,14,16,25,29,4049
2,19 25 06 07 21 29,6,7,19,21,25,29,4050
11,29 10 15 09 02 03,2,3,9,10,15,29,4051
9,15 29 17 01 14 12,1,12,14,15,17,29,4052
2,25 04 02 09 24 03,2,3,4,9,24,25,4053
11,09 28 11 16 14 27,9,11,14,16,27,28,4054
7,32 25 08 19 06 29,6,8,19,25,29,32,4055
2,20 01 30 29 25 21,1,20,21,25,29,30,4056
4,25 23 28 05 32 21,5,21,23,25,28,32,4057
12,12 27 01 08 31 11,1,8,11,12,27,31,4058
10,11 23 04 26 07 19,4,7,11,19,23,26,4059
15,27 24 28 11 03 05,3,5,11,24,27,28,4060
9,16 23 19 13 33 20,13,16,19,20,23,33,4061
13,01 27 25 28 29 12,1,12,25,27,28,29,4062
7,16 07 28 13 10 27,7,10,13,16,27,28,4063
4,18 14 15 31 20 27,14,15,18,20,27,31,4064
8,13 14 32 29 33 27,13,14,27,29,32,33,4065
3,23 24 25 13 05 20,5,13,20,23,24,25,4066
4,06 01 13 32 16 07,1,6,7,13,16,32,4067
15,31 11 24 02 13 08,2,8,11,13,24,31,4068
5,02 20 29 22 11 15,2,11,15,20,22,29,4069
6,21 33 30 10 22 12,10,12,21,22,30,33,4070
6,21 03 08 16 17 29,3,8,16,17,21,29,4071
14,33 30 15 28 08 18,8,15,18,28,30,33,4072
16,16 07 23 28 02 13,2,7,13,16,23,28,4073
13,19 26 06 15 05 29,5,6,15,19,26,29,4074
7,27 07 21 18 26 28,7,18,21,26,27,28,4075
7,17 13 03 25 05 31,3,5,13,17,25,31,4076
7,08 10 09 26 14 16,8,9,10,14,16,26,4077
5,04 24 21 26 10 05,4,5,10,21,24,26,4078
3,13 30 07 14 19 17,7,13,14,17,19,30,4079
16,20 26 24 03 23 08,3,8,20,23,24,26,4080
6,03 24 05 32 21 27,3,5,21,24,27,32,4081
15,24 20 29 03 30 27,3,20,24,27,29,30,4082
6,16 33 28 14 30 27,14,16,27,28,30,33,4083
14,21 08 04 25 01 11,1,4,8,11,21,25,4084
1,29 11 08 32 03 30,3,8,11,29,30,32,4085
1,19 10 27 25 13 18,10,13,18,19,25,27,4086
14,26 08 25 03 01 07,1,3,7,8,25,26,4087
14,19 10 22 02 24 32,2,10,19,22,24,32,4088
14,14 25 17 28 30 20,14,17,20,25,28,30,4089
12,01 24 20 32 18 33,1,18,20,24,32,33,4090
1,33 13 14 30 21 09,9,13,14,21,30,33,4091
2,28 08 01 31 13 04,1,4,8,13,28,31,4092
5,11 33 32 14 27 20,11,14,20,27,32,33,4093
8,09 05 10 24 25 13,5,9,10,13,24,25,4094
1,22 19 28 32 30 27,19,22,27,28,30,32,4095
15,16 30 04 12 01 20,1,4,12,16,20,30,4096
14,26 31 10 29 20 19,10,19,20,26,29,31,4097
3,13 12 26 25 03 31,3,12,13,25,26,31,4098
2,10 22 05 33 26 21,5,10,21,22,26,33,4099
15,08 14 33 06 09 24,6,8,9,14,24,33,4100
15,26 02 25 09 14 19,2,9,14,19,25,26,4101
1,32 12 09 28 03 15,3,9,12,15,28,32,4102
2,05 02 09 21 16 03,2,3,5,9,16,21,4103
5,17 18 11 29 24 07,7,11,17,18,24,29,4104
12,09 21 07 23 10 30,7,9,10,21,23,30,4105
12,26 23 15 29 28 10,10,15,23,26,28,29,4106
7,20 18 01 08 13 12,1,8,12,13,18,20,4107
12,27 14 28 31 08 13,8,13,14,27,28,31,4108
14,17 08 10 06 31 30,6,8,10,17,30,31,4109
11,19 14 20 21 31 22,14,19,20,21,22,31,4110
2,31 26 18 20 16 11,11,16,18,20,26,31,4111
6,21 15 09 13 33 26,9,13,15,21,26,33,4112
7,08 32 10 25 31 23,8,10,23,25,31,32,4113
1,09 06 22 01 17 21,1,6,9,17,21,22,4114
1,20 33 16 30 02 31,2,16,20,30,31,33,4115
3,14 33 03 01 05 08,1,3,5,8,14,33,4116
7,25 03 14 24 07 01,1,3,7,14,24,25,4117
15,12 07 30 03 04 31,3,4,7,12,30,31,4118
6,20 25 06 18 09 33,6,9,18,20,25,33,4119
10,07 27 08 21 32 18,7,8,18,21,27,32,4120
10,32 30 18 07 13 16,7,13,16,18,30,32,4121
15,31 14 11 22 03 24,3,11,14,22,24,31,4122
14,08 27 28 23 01 07,1,7,8,23,27,28,5001
14,09 26 28 33 20 06,6,9,20,26,28,33,5002
16,22 12 19 31 15 09,9,12,15,19,22,31,5003
3,08 09 01 22 23 04,1,4,8,9,22,23,5004
15,28 09 20 26 33 05,5,9,20,26,28,33,5005
16,31 05 02 21 04 15,2,4,5,15,21,31,5006
15,33 07 20 17 15 23,7,15,17,20,23,33,5007
11,33 32 11 22 27 19,11,19,22,27,32,33,5008
14,31 02 29 22 17 27,2,17,22,27,29,31,5009
1,18 08 11 26 25 10,8,10,11,18,25,26,5010
15,09 13 15 30 11 22,9,11,13,15,22,30,5011
5,06 02 22 16 31 03,2,3,6,16,22,31,5012
6,20 07 24 19 08 16,7,8,16,19,20,24,5013
5,32 21 19 30 13 23,13,19,21,23,30,32,5014
15,04 09 08 16 29 17,4,8,9,16,17,29,5015
15,12 01 30 06 16 05,1,5,6,12,16,30,5016
3,25 10 31 27 02 06,2,6,10,25,27,31,5017
6,23 25 22 01 06 03,1,3,6,22,23,25,5018
8,12 06 11 19 13 22,6,11,12,13,19,22,5019
5,20 25 19 29 14 16,14,16,19,20,25,29,5020
16,31 24 26 30 06 02,2,6,24,26,30,31,5021
4,10 32 08 33 12 21,8,10,12,21,32,33,5022
12,19 20 21 10 25 15,10,15,19,20,21,25,5023
13,09 27 14 05 31 32,5,9,14,27,31,32,5024
7,32 07 13 10 11 01,1,7,10,11,13,32,5025
7,06 26 14 25 12 20,6,12,14,20,25,26,5026
15,03 01 32 06 21 04,1,3,4,6,21,32,5027
10,09 26 25 32 22 04,4,9,22,25,26,32,5028
14,02 14 21 22 30 27,2,14,21,22,27,30,5029
5,09 22 28 14 05 01,1,5,9,14,22,28,5030
7,16 20 32 10 04 23,4,10,16,20,23,32,5031
3,19 20 15 25 05 29,5,15,19,20,25,29,5032
7,08 07 20 12 14 19,7,8,12,14,19,20,5033
9,28 17 05 25 32 18,5,17,18,25,28,32,5034
14,21 28 29 30 16 12,12,16,21,28,29,30,5035
15,26 19 31 21 12 20,12,19,20,21,26,31,5036
16,32 07 14 24 22 12,7,12,14,22,24,32,5037
16,28 11 27 20 07 04,4,7,11,20,27,28,5038
9,16 21 02 19 29 18,2,16,18,19,21,29,5039
13,30 21 24 32 12 01,1,12,21,24,30,32,5040
3,16 23 11 29 24 02,2,11,16,23,24,29,5041
15,30 16 27 26 11 21,11,16,21,26,27,30,5042
5,04 05 08 07 32 06,4,5,6,7,8,32,5043
9,18 22 06 17 16 01,1,6,16,17,18,22,5044
10,18 07 15 10 01 20,1,7,10,15,18,20,5045
5,16 09 22 18 24 20,9,16,18,20,22,24,5046
15,07 05 02 03 08 27,2,3,5,7,8,27,5047
2,16 10 06 28 07 08,6,7,8,10,16,28,5048
12,02 03 08 27 10 25,2,3,8,10,25,27,5049
13,02 26 32 09 20 12,2,9,12,20,26,32,5050
2,21 14 20 03 19 06,3,6,14,19,20,21,5051
1,01 14 17 32 02 30,1,2,14,17,30,32,5052
9,04 07 14 29 27 10,4,7,10,14,27,29,5053
14,29 17 13 05 18 21,5,13,17,18,21,29,5054
9,30 05 32 22 20 33,5,20,22,30,32,33,5055
9,19 31 27 17 12 29,12,17,19,27,29,31,5056
13,06 05 15 10 30 31,5,6,10,15,30,31,5057
10,06 21 26 10 25 04,4,6,10,21,25,26,5058
7,24 07 11 18 14 29,7,11,14,18,24,29,5059
13,33 25 09 21 12 31,9,12,21,25,31,33,5060
1,09 24 23 14 21 05,5,9,14,21,23,24,5061
7,02 11 23 12 07 20,2,7,11,12,20,23,5062
4,18 30 02 13 22 11,2,11,13,18,22,30,5063
8,18 32 30 10 27 23,10,18,23,27,30,32,5064
16,12 16 21 17 23 22,12,16,17,21,22,23,5065
5,02 04 10 25 28 11,2,4,10,11,25,28,5066
16,16 26 21 03 20 12,3,12,16,20,21,26,5067
13,33 01 25 08 13 10,1,8,10,13,25,33,5068
12,33 07 31 24 09 21,7,9,21,24,31,33,5069
4,04 08 26 14 16 03,3,4,8,14,16,26,5070
10,08 16 14 12 04 22,4,8,12,14,16,22,5071
11,20 06 24 33 10 19,6,10,19,20,24,33,5072
1,01 09 06 08 18 20,1,6,8,9,18,20,5073
9,29 26 06 18 09 20,6,9,18,20,26,29,5074
14,16 18 11 13 31 14,11,13,14,16,18,31,5075
13,04 22 28 11 25 09,4,9,11,22,25,28,5076
16,22 17 33 24 08 32,8,17,22,24,32,33,5077
11,15 20 32 26 03 11,3,11,15,20,26,32,5078
5,24 28 25 03 09 20,3,9,20,24,25,28,5079
16,14 12 32 26 27 01,1,12,14,26,27,32,5080
3,10 02 30 26 12 04,2,4,10,12,26,30,5081
12,07 01 19 20 11 14,1,7,11,14,19,20,5082
13,05 16 09 03 14 30,3,5,9,14,16,30,5083
3,01 07 15 02 20 19,1,2,7,15,19,20,5084
12,22 14 08 13 09 20,8,9,13,14,20,22,5085
12,24 11 07 12 27 29,7,11,12,24,27,29,5086
8,23 15 16 08 09 26,8,9,15,16,23,26,5087
7,24 18 03 20 07 01,1,3,7,18,20,24,5088
12,05 26 19 31 23 20,5,19,20,23,26,31,5089
3,09 21 25 29 01 32,1,9,21,25,29,32,5090
13,27 12 26 15 11 01,1,11,12,15,26,27,5091
10,08 31 19 28 26 13,8,13,19,26,28,31,5092
14,23 06 29 25 17 04,4,6,17,23,25,29,5093
3,33 27 03 05 09 23,3,5,9,23,27,33,5094
5,12 28 09 29 18 21,9,12,18,21,28,29,5095
4,26 17 04 33 05 18,4,5,17,18,26,33,5096
15,28 10 05 27 30 23,5,10,23,27,28,30,5097
1,33 15 12 31 22 19,12,15,19,22,31,33,5098
9,16 13 31 10 24 22,10,13,16,22,24,31,5099
3,04 02 31 09 14 16,2,4,9,14,16,31,5100
12,22 09 19 21 16 24,9,16,19,21,22,24,5101
12,14 06 05 24 02 31,2,5,6,14,24,31,5102
7,04 18 30 16 23 07,4,7,16,18,23,30,5103
9,04 02 23 21 30 33,2,4,21,23,30,33,5104
3,23 15 32 04 33 30,4,15,23,30,32,33,5105
13,13 31 01 11 24 26,1,11,13,24,26,31,5106
11,09 25 26 24 10 20,9,10,20,24,25,26,5107
6,12 30 29 10 03 24,3,10,12,24,29,30,5108
4,31 03 17 15 05 13,3,5,13,15,17,31,5109
9,25 16 19 24 07 10,7,10,16,19,24,25,5110
9,07 29 03 19 16 15,3,7,15,16,19,29,5111
16,30 29 04 28 12 22,4,12,22,28,29,30,5112
3,26 18 27 22 20 15,15,18,20,22,26,27,5113
6,15 21 10 27 07 06,6,7,10,15,21,27,5114
2,33 18 03 12 23 30,3,12,18,23,30,33,5115
10,15 30 14 06 08 04,4,6,8,14,15,30,5116
3,28 22 27 06 17 32,6,17,22,27,28,32,5117
16,15 04 09 26 12 31,4,9,12,15,26,31,5118
2,01 20 11 18 22 07,1,7,11,18,20,22,5119
14,18 06 01 13 32 30,1,6,13,18,30,32,5120
12,32 31 07 25 01 20,1,7,20,25,31,32,5121
9,32 14 01 30 04 07,1,4,7,14,30,32,5122
7,13 18 12 25 11 17,11,12,13,17,18,25,5123
11,05 31 06 19 33 10,5,6,10,19,31,33,5124
3,06 31 14 18 32 28,6,14,18,28,31,32,5125
9,13 26 19 08 25 02,2,8,13,19,25,26,5126
12,04 25 11 23 06 14,4,6,11,14,23,25,5127
15,14 23 29 02 04 33,2,4,14,23,29,33,5128
3,14 20 10 27 05 33,5,10,14,20,27,33,5129
16,25 20 15 09 03 05,3,5,9,15,20,25,5130
3,02 12 07 10 11 24,2,7,10,11,12,24,5131
15,18 10 04 29 27 02,2,4,10,18,27,29,5132
11,18 14 07 01 25 16,1,7,14,16,18,25,5133
1,04 13 26 14 30 18,4,13,14,18,26,30,5134
11,13 01 15 05 25 21,1,5,13,15,21,25,5135
13,27 16 05 25 14 18,5,14,16,18,25,27,5136
12,09 23 33 25 15 03,3,9,15,23,25,33,5137
13,03 20 05 22 11 06,3,5,6,11,20,22,5138
10,02 33 07 23 20 32,2,7,20,23,32,33,5139
7,04 08 12 17 07 06,4,6,7,8,12,17,5140
15,03 16 19 05 12 08,3,5,8,12,16,19,5141
5,07 17 10 29 22 12,7,10,12,17,22,29,5142
8,10 17 32 03 15 20,3,10,15,17,20,32,5143
9,15 19 14 01 27 08,1,8,14,15,19,27,5144
15,20 28 07 03 17 08,3,7,8,17,20,28,5145
2,07 24 11 28 19 20,7,11,19,20,24,28,5146
10,07 28 06 15 30 27,6,7,15,27,28,30,5147
13,03 29 15 23 24 17,3,15,17,23,24,29,5148
7,16 11 25 23 21 32,11,16,21,23,25,32,5149
2,14 20 18 10 03 07,3,7,10,14,18,20,5150
5,19 04 13 12 30 11,4,11,12,13,19,30,5151
3,12 27 14 05 21 01,1,5,12,14,21,27,5152
1,07 04 05 21 26 29,4,5,7,21,26,29,5153
3,28 12 15 21 19 01,1,12,15,19,21,28,6001
9,13 28 07 21 26 16,7,13,16,21,26,28,6002
12,16 04 05 02 06 20,2,4,5,6,16,20,6003
7,04 08 17 27 31 28,4,8,17,27,28,31,6004
11,19 24 20 27 03 26,3,19,20,24,26,27,6005
14,32 22 08 26 21 23,8,21,22,23,26,32,6006
7,32 27 33 16 18 04,4,16,18,27,32,33,6007
16,18 28 05 03 32 09,3,5,9,18,28,32,6008
6,26 08 05 20 30 06,5,6,8,20,26,30,6009
8,04 29 06 19 12 27,4,6,12,19,27,29,6010
11,31 08 05 27 07 14,5,7,8,14,27,31,6011
10,31 09 11 33 13 27,9,11,13,27,31,33,6012
11,16 05 01 21 06 12,1,5,6,12,16,21,6013
7,32 33 14 29 06 26,6,14,26,29,32,33,6014
3,29 09 32 02 03 15,2,3,9,15,29,32,6015
16,01 07 17 23 30 13,1,7,13,17,23,30,6016
2,31 08 33 04 32 03,3,4,8,31,32,33,6017
5,17 26 24 14 01 13,1,13,14,17,24,26,6018
7,22 13 32 06 26 04,4,6,13,22,26,32,6019
6,26 21 23 05 29 09,5,9,21,23,26,29,6020
9,21 22 01 02 20 05,1,2,5,20,21,22,6021
13,04 03 16 13 27 02,2,3,4,13,16,27,6022
8,13 14 04 19 23 28,4,13,14,19,23,28,6023
6,02 11 27 09 07 21,2,7,9,11,21,27,6024
5,24 03 17 04 19 32,3,4,17,19,24,32,6025
3,02 01 32 29 22 18,1,2,18,22,29,32,6026
15,27 06 08 11 16 14,6,8,11,14,16,27,6027
4,14 07 27 16 17 05,5,7,14,16,17,27,6028
8,04 14 03 07 19 09,3,4,7,9,14,19,6029
14,32 20 15 08 13 17,8,13,15,17,20,32,6030
14,16 32 03 10 31 12,3,10,12,16,31,32,6031
9,24 20 26 18 05 31,5,18,20,24,26,31,6032
6,15 23 27 31 22 20,15,20,22,23,27,31,6033
13,33 16 10 02 17 15,2,10,15,16,17,33,6034
13,03 29 09 13 21 27,3,9,13,21,27,29,6035
9,10 07 04 17 16 21,4,7,10,16,17,21,6036
14,32 25 12 02 24 23,2,12,23,24,25,32,6037
10,19 02 17 30 22 14,2,14,17,19,22,30,6038
3,19 31 32 16 28 22,16,19,22,28,31,32,6039
3,25 15 26 28 33 22,15,22,25,26,28,33,6040
4,28 18 16 21 10 03,3,10,16,18,21,28,6041
11,26 03 28 16 31 23,3,16,23,26,28,31,6042
3,32 16 12 13 05 23,5,12,13,16,23,32,6043
5,10 21 02 18 30 31,2,10,18,21,30,31,6044
4,21 07 06 20 10 14,6,7,10,14,20,21,6045
8,32 18 29 31 13 23,13,18,23,29,31,32,6046
3,17 32 02 20 28 22,2,17,20,22,28,32,6047
12,19 29 32 25 09 13,9,13,19,25,29,32,6048
3,10 12 20 06 17 13,6,10,12,13,17,20,6049
7,15 31 25 12 06 02,2,6,12,15,25,31,6050
16,30 27 02 07 17 06,2,6,7,17,27,30,6051
3,27 32 26 24 30 11,11,24,26,27,30,32,6052
2,28 31 17 01 27 11,1,11,17,27,28,31,6053
4,03 10 07 05 28 30,3,5,7,10,28,30,6054
11,04 31 28 05 29 33,4,5,28,29,31,33,6055
8,13 25 21 11 23 15,11,13,15,21,23,25,6056
8,18 03 17 04 21 31,3,4,17,18,21,31,6057
14,12 24 22 01 25 23,1,12,22,23,24,25,6058
11,17 27 29 10 05 15,5,10,15,17,27,29,6059
14,30 19 15 32 05 23,5,15,19,23,30,32,6060
11,19 25 05 30 13 17,5,13,17,19,25,30,6061
1,30 18 24 26 22 23,18,22,23,24,26,30,6062
8,23 24 15 21 04 05,4,5,15,21,23,24,6063
11,28 03 12 24 21 14,3,12,14,21,24,28,6064
13,08 30 29 17 28 04,4,8,17,28,29,30,6065
5,18 33 11 06 30 08,6,8,11,18,30,33,6066
13,08 07 16 11 24 17,7,8,11,16,17,24,6067
10,10 30 14 33 03 07,3,7,10,14,30,33,6068
8,20 16 29 30 22 05,5,16,20,22,29,30,6069
2,13 20 03 11 02 27,2,3,11,13,20,27,6070
1,29 31 19 11 05 12,5,11,12,19,29,31,6071
8,20 21 03 02 05 24,2,3,5,20,21,24,6072
12,16 13 18 29 05 27,5,13,16,18,27,29,6073
4,19 03 33 01 25 15,1,3,15,19,25,33,6074
11,22 23 21 25 10 33,10,21,22,23,25,33,6075
14,32 29 17 21 04 10,4,10,17,21,29,32,6076
9,19 13 09 12 08 33,8,9,12,13,19,33,6077
12,05 22 17 33 31 03,3,5,17,22,31,33,6078
8,11 06 20 17 13 32,6,11,13,17,20,32,6079
9,26 22 15 29 17 20,15,17,20,22,26,29,6080
4,14 18 21 16 22 32,14,16,18,21,22,32,6081
9,15 03 13 28 29 23,3,13,15,23,28,29,6082
10,18 29 09 19 26 07,7,9,18,19,26,29,6083
12,12 17 21 25 28 01,1,12,17,21,25,28,6084
8,18 06 21 24 25 02,2,6,18,21,24,25,6085
6,06 10 04 31 26 24,4,6,10,24,26,31,6086
5,09 12 08 04 30 05,4,5,8,9,12,30,6087
1,25 03 11 24 20 26,3,11,20,24,25,26,6088
1,01 16 22 13 18 19,1,13,16,18,19,22,6089
11,20 02 11 15 23 29,2,11,15,20,23,29,6090
7,08 12 22 07 24 21,7,8,12,21,22,24,6091
14,08 02 20 21 16 11,2,8,11,16,20,21,6092
5,16 19 12 23 18 02,2,12,16,18,19,23,6093
13,17 18 33 16 24 15,15,16,17,18,24,33,6094
16,29 17 03 20 21 01,1,3,17,20,21,29,6095
14,33 09 18 13 05 01,1,5,9,13,18,33,6096
12,11 20 14 15 26 27,11,14,15,20,26,27,6097
16,10 06 07 11 18 23,6,7,10,11,18,23,6098
5,12 24 27 18 09 23,9,12,18,23,24,27,6099
3,32 30 26 18 01 11,1,11,18,26,30,32,6100
16,12 09 27 26 28 20,9,12,20,26,27,28,6101
11,19 20 24 13 01 04,1,4,13,19,20,24,6102
6,28 12 31 25 14 15,12,14,15,25,28,31,6103
11,07 03 22 28 31 27,3,7,22,27,28,31,6104
1,15 14 31 05 12 20,5,12,14,15,20,31,6105
10,02 28 12 19 14 33,2,12,14,19,28,33,6106
7,30 13 08 01 17 06,1,6,8,13,17,30,6107
9,08 06 30 24 02 20,2,6,8,20,24,30,6108
13,05 18 17 01 26 23,1,5,17,18,23,26,6109
13,14 33 18 12 09 27,9,12,14,18,27,33,6110
15,11 08 22 01 17 16,1,8,11,16,17,22,6111
11,13 33 31 15 04 09,4,9,13,15,31,33,6112
2,14 18 28 05 33 17,5,14,17,18,28,33,6113
16,29 27 08 20 14 10,8,10,14,20,27,29,6114
15,01 29 26 20 28 10,1,10,20,26,28,29,6115
9,33 21 32 22 05 16,5,16,21,22,32,33,6116
9,20 22 23 26 14 06,6,14,20,22,23,26,6117
5,01 07 08 03 30 10,1,3,7,8,10,30,6118
2,01 20 30 27 02 14,1,2,14,20,27,30,6119
9,08 15 06 24 33 14,6,8,14,15,24,33,6120
6,04 03 06 33 31 27,3,4,6,27,31,33,6121
3,24 06 05 22 08 04,4,5,6,8,22,24,6122
6,20 02 25 03 28 32,2,3,20,25,28,32,6123
13,31 18 13 32 14 12,12,13,14,18,31,32,6124
6,19 33 32 30 23 15,15,19,23,30,32,33,6125
9,02 16 24 33 08 13,2,8,13,16,24,33,6126
1,11 03 17 19 04 30,3,4,11,17,19,30,6127
5,30 21 33 15 31 04,4,15,21,30,31,33,6128
12,29 18 22 14 27 09,9,14,18,22,27,29,6129
2,12 32 30 22 01 21,1,12,21,22,30,32,6130
1,04 09 26 33 03 22,3,4,9,22,26,33,6131
1,26 33 14 06 30 22,6,14,22,26,30,33,6132
3,29 04 20 31 25 06,4,6,20,25,29,31,6133
12,13 30 28 26 18 10,10,13,18,26,28,30,6134
4,23 19 04 22 21 31,4,19,21,22,23,31,6135
5,15 24 22 21 11 17,11,15,17,21,22,24,6136
9,14 31 27 10 17 21,10,14,17,21,27,31,6137
8,04 11 09 26 17 18,4,9,11,17,18,26,6138
5,07 08 14 23 21 25,7,8,14,21,23,25,6139
5,23 08 18 01 19 11,1,8,11,18,19,23,6140
11,25 31 22 18 16 23,16,18,22,23,25,31,6141
16,27 10 26 22 16 19,10,16,19,22,26,27,6142
8,29 01 15 31 32 20,1,15,20,29,31,32,6143
6,22 04 29 13 10 16,4,10,13,16,22,29,6144
7,02 07 23 31 26 28,2,7,23,26,28,31,6145
5,28 23 30 09 03 13,3,9,13,23,28,30,6146
1,01 17 31 15 27 04,1,4,15,17,27,31,6147
1,08 12 13 23 29 04,4,8,12,13,23,29,6148
15,05 02 15 32 11 03,2,3,5,11,15,32,6149
12,27 25 09 18 08 12,8,9,12,18,25,27,6150
8,04 22 03 06 16 01,1,3,4,6,16,22,6151
15,01 20 25 31 14 27,1,14,20,25,27,31,6152
10,30 33 01 20 11 07,1,7,11,20,30,33,6153
13,07 18 14 30 20 33,7,14,18,20,30,33,6154
14,26 02 20 10 09 04,2,4,9,10,20,26,7001
1,22 20 06 14 21 05,5,6,14,20,21,22,7002
15,05 22 09 27 11 12,5,9,11,12,22,27,7003
10,25 03 33 07 10 13,3,7,10,13,25,33,7004
12,06 24 16 01 05 30,1,5,6,16,24,30,7005
11,27 14 06 22 26 10,6,10,14,22,26,27,7006
14,32 15 04 17 22 12,4,12,15,17,22,32,7007
10,04 25 18 05 19 01,1,4,5,18,19,25,7008
15,15 04 27 02 25 14,2,4,14,15,25,27,7009
5,32 30 17 08 14 03,3,8,14,17,30,32,7010
16,03 33 25 28 15 10,3,10,15,25,28,33,7011
4,05 03 28 21 26 07,3,5,7,21,26,28,7012
5,05 32 27 15 29 18,5,15,18,27,29,32,7013
9,24 13 16 01 20 26,1,13,16,20,24,26,7014
15,04 30 03 22 18 08,3,4,8,18,22,30,7015
5,18 01 22 20 26 33,1,18,20,22,26,33,7016
14,25 09 24 10 05 32,5,9,10,24,25,32,7017
11,26 21 20 01 12 18,1,12,18,20,21,26,7018
14,23 11 31 04 29 16,4,11,16,23,29,31,7019
14,20 05 31 10 28 16,5,10,16,20,28,31,7020
13,11 25 03 06 31 09,3,6,9,11,25,31,7021
10,07 10 27 02 18 04,2,4,7,10,18,27,7022
2,13 33 03 07 17 32,3,7,13,17,32,33,7023
6,27 25 09 17 32 08,8,9,17,25,27,32,7024
3,18 26 03 22 16 23,3,16,18,22,23,26,7025
10,16 04 29 14 26 01,1,4,14,16,26,29,7026
11,24 22 03 09 27 02,2,3,9,22,24,27,7027
11,03 20 13 30 08 29,3,8,13,20,29,30,7028
10,19 06 08 21 11 09,6,8,9,11,19,21,7029
4,30 16 27 22 03 21,3,16,21,22,27,30,7030
1,04 19 12 06 31 10,4,6,10,12,19,31,7031
16,08 16 32 24 04 30,4,8,16,24,30,32,7032
9,18 04 03 17 11 28,3,4,11,17,18,28,7033
16,14 02 09 12 25 23,2,9,12,14,23,25,7034
6,31 01 29 12 08 04,1,4,8,12,29,31,7035
10,03 21 23 14 30 31,3,14,21,23,30,31,7036
16,23 10 11 31 16 33,10,11,16,23,31,33,7037
5,11 30 21 03 14 19,3,11,14,19,21,30,7038
1,27 24 07 06 29 19,6,7,19,24,27,29,7039
10,19 30 14 13 24 15,13,14,15,19,24,30,7040
12,03 09 31 26 01 11,1,3,9,11,26,31,7041
8,19 03 32 16 13 33,3,13,16,19,32,33,7042
5,03 30 10 14 11 08,3,8,10,11,14,30,7043
8,09 24 21 20 13 32,9,13,20,21,24,32,7044
10,28 12 30 21 18 01,1,12,18,21,28,30,7045
14,06 19 26 09 07 02,2,6,7,9,19,26,7046
6,04 23 16 02 18 30,2,4,16,18,23,30,7047
12,02 12 11 17 28 15,2,11,12,15,17,28,7048
2,04 33 19 31 14 18,4,14,18,19,31,33,7049
2,25 13 18 05 01 08,1,5,8,13,18,25,7050
13,14 33 03 27 26 16,3,14,16,26,27,33,7051
7,03 02 08 07 26 29,2,3,7,8,26,29,7052
11,13 17 18 16 27 10,10,13,16,17,18,27,7053
5,28 16 18 23 03 01,1,3,16,18,23,28,7054
2,28 29 22 02 06 11,2,6,11,22,28,29,7055
12,32 21 31 14 17 29,14,17,21,29,31,32,7056
9,19 11 18 20 21 05,5,11,18,19,20,21,7057
7,25 08 10 07 13 27,7,8,10,13,25,27,7058
14,04 01 03 06 29 07,1,3,4,6,7,29,7059
5,29 08 19 01 02 16,1,2,8,16,19,29,7060
5,07 11 20 06 23 01,1,6,7,11,20,23,7061
9,30 08 17 20 33 29,8,17,20,29,30,33,7062
12,15 28 24 17 10 26,10,15,17,24,26,28,7063
16,21 09 02 23 06 16,2,6,9,16,21,23,7064
7,21 19 31 25 07 04,4,7,19,21,25,31,7065
8,32 33 11 24 16 05,5,11,16,24,32,33,7066
11,11 13 23 06 21 17,6,11,13,17,21,23,7067
1,23 18 19 11 28 22,11,18,19,22,23,28,7068
12,32 12 04 03 14 11,3,4,11,12,14,32,7069
12,18 30 15 06 17 08,6,8,15,17,18,30,7070
9,01 14 21 31 06 30,1,6,14,21,30,31,7071
16,04 13 14 33 02 08,2,4,8,13,14,33,7072
2,11 28 05 31 09 19,5,9,11,19,28,31,7073
3,28 13 27 25 15 08,8,13,15,25,27,28,7074
3,17 22 32 13 16 30,13,16,17,22,30,32,7075
2,06 16 15 12 20 31,6,12,15,16,20,31,7076
2,14 28 06 08 21 29,6,8,14,21,28,29,7077
1,07 23 04 06 25 32,4,6,7,23,25,32,7078
14,20 25 03 14 21 04,3,4,14,20,21,25,7079
4,18 08 29 16 01 19,1,8,16,18,19,29,7080
13,24 33 19 15 09 14,9,14,15,19,24,33,7081
15,32 17 05 15 25 18,5,15,17,18,25,32,7082
5,14 21 11 18 26 20,11,14,18,20,21,26,7083
10,14 20 12 06 27 10,6,10,12,14,20,27,7084
12,30 02 29 19 17 12,2,12,17,19,29,30,7085
16,08 05 29 27 22 14,5,8,14,22,27,29,7086
9,21 03 05 04 08 01,1,3,4,5,8,21,7087
6,28 02 33 04 10 29,2,4,10,28,29,33,7088
3,19 28 08 07 03 15,3,7,8,15,19,28,7089
2,30 31 27 05 13 11,5,11,13,27,30,31,7090
7,30 11 32 17 31 02,2,11,17,30,31,32,7091
9,24 14 23 18 22 33,14,18,22,23,24,33,7092
2,13 05 10 19 29 15,5,10,13,15,19,29,7093
2,19 03 24 18 05 32,3,5,18,19,24,32,7094
7,08 06 32 18 01 29,1,6,8,18,29,32,7095
8,32 22 10 09 20 30,9,10,20,22,30,32,7096
11,04 13 26 18 30 08,4,8,13,18,26,30,7097
12,03 02 19 11 05 20,2,3,5,11,19,20,7098
5,31 03 33 04 27 14,3,4,14,27,31,33,7099
6,18 27 29 30 32 08,8,18,27,29,30,32,7100
14,18 16 15 22 30 21,15,16,18,21,22,30,7101
11,18 08 33 06 04 20,4,6,8,18,20,33,7102
1,25 07 27 32 30 09,7,9,25,27,30,32,7103
4,20 08 12 14 32 02,2,8,12,14,20,32,7104
14,17 07 10 29 23 02,2,7,10,17,23,29,7105
8,12 18 21 24 25 29,12,18,21,24,25,29,7106
10,28 09 08 02 24 18,2,8,9,18,24,28,7107
2,33 12 07 20 13 03,3,7,12,13,20,33,7108
4,01 07 14 13 04 08,1,4,7,8,13,14,7109
3,07 04 15 28 02 24,2,4,7,15,24,28,7110
11,17 09 12 13 02 10,2,9,10,12,13,17,7111
11,16 07 32 14 25 11,7,11,14,16,25,32,7112
10,18 23 31 25 26 04,4,18,23,25,26,31,7113
5,27 12 15 05 33 24,5,12,15,24,27,33,7114
2,16 20 01 26 10 05,1,5,10,16,20,26,7115
13,11 05 07 27 17 03,3,5,7,11,17,27,7116
1,32 07 26 10 09 03,3,7,9,10,26,32,7117
15,32 18 04 25 16 10,4,10,16,18,25,32,7118
12,31 08 25 03 11 13,3,8,11,13,25,31,7119
1,12 07 18 11 06 25,6,7,11,12,18,25,7120
6,21 03 28 22 10 27,3,10,21,22,27,28,7121
9,07 04 32 24 26 19,4,7,19,24,26,32,7122
2,28 01 23 13 15 32,1,13,15,23,28,32,7123
16,19 03 32 07 13 16,3,7,13,16,19,32,7124
1,05 33 03 27 18 20,3,5,18,20,27,33,7125
9,31 26 10 19 09 23,9,10,19,23,26,31,7126
11,28 13 09 24 16 06,6,9,13,16,24,28,7127
5,27 21 31 19 10 09,9,10,19,21,27,31,7128
8,07 20 22 21 05 30,5,7,20,21,22,30,7129
4,05 09 31 27 03 11,3,5,9,11,27,31,7130
5,05 22 07 03 27 16,3,5,7,16,22,27,7131
5,22 23 01 21 09 16,1,9,16,21,22,23,7132
10,06 33 13 11 07 03,3,6,7,11,13,33,7133
15,01 10 04 18 13 25,1,4,10,13,18,25,7134
16,11 16 01 31 33 26,1,11,16,26,31,33,7135
14,25 01 18 02 21 29,1,2,18,21,25,29,7136
3,20 08 22 07 18 03,3,7,8,18,20,22,7137
16,25 17 19 03 02 15,2,3,15,17,19,25,7138
6,06 16 14 10 22 12,6,10,12,14,16,22,7139
11,01 05 22 26 16 21,1,5,16,21,22,26,7140
8,03 31 06 02 17 04,2,3,4,6,17,31,7141
8,30 25 20 26 11 27,11,20,25,26,27,30,7142
4,24 26 22 01 23 06,1,6,22,23,24,26,7143
16,08 28 14 32 25 23,8,14,23,25,28,32,7144
11,31 11 25 09 08 12,8,9,11,12,25,31,7145
9,18 04 30 24 22 26,4,18,22,24,26,30,7146
4,24 26 18 07 03 27,3,7,18,24,26,27,7147
7,28 03 17 16 23 09,3,9,16,17,23,28,7148
3,01 19 30 28 17 22,1,17,19,22,28,30,7149
5,13 11 03 05 24 19,3,5,11,13,19,24,7150
2,11 23 06 25 10 01,1,6,10,11,23,25,7151
8,30 17 21 29 11 33,11,17,21,29,30,33,7152
15,04 01 31 20 19 25,1,4,19,20,25,31,7153
3,14 29 04 09 07 02,2,4,7,9,14,29,8001
9,04 18 22 25 03 29,3,4,18,22,25,29,8002
12,17 08 06 13 11 19,6,8,11,13,17,19,8003
8,29 27 08 04 23 22,4,8,22,23,27,29,8004
15,03 24 25 22 15 05,3,5,15,22,24,25,8005
14,18 27 14 22 16 01,1,14,16,18,22,27,8006
11,30 22 13 17 23 01,1,13,17,22,23,30,8007
7,02 16 27 15 23 26,2,15,16,23,26,27,8008
16,21 31 32 09 30 29,9,21,29,30,31,32,8009
9,03 08 27 17 21 11,3,8,11,17,21,27,8010
3,17 14 30 21 32 02,2,14,17,21,30,32,8011
13,20 05 03 16 04 30,3,4,5,16,20,30,8012
10,28 08 02 15 16 22,2,8,15,16,22,28,8013
14,11 31 03 21 17 09,3,9,11,17,21,31,8014
3,33 08 06 29 11 16,6,8,11,16,29,33,8015
13,14 03 21 29 12 33,3,12,14,21,29,33,8016
2,20 22 02 07 17 05,2,5,7,17,20,22,8017
13,33 23 06 05 02 26,2,5,6,23,26,33,8018
5,31 09 11 02 17 27,2,9,11,17,27,31,8019
3,28 30 15 10 03 13,3,10,13,15,28,30,8020
15,12 26 20 28 19 09,9,12,19,20,26,28,8021
5,28 24 32 12 20 18,12,18,20,24,28,32,8022
2,18 25 32 08 16 26,8,16,18,25,26,32,8023
13,28 20 26 30 11 21,11,20,21,26,28,30,8024
14,17 08 21 19 16 18,8,16,17,18,19,21,8025
3,05 29 17 19 32 27,5,17,19,27,29,32,8026
13,18 23 24 26 19 15,15,18,19,23,24,26,8027
10,26 01 32 29 13 21,1,13,21,26,29,32,8028
12,09 01 14 22 29 32,1,9,14,22,29,32,8029
11,15 28 18 19 20 06,6,15,18,19,20,28,8030
13,06 31 21 03 11 15,3,6,11,15,21,31,8031
13,14 21 28 16 23 05,5,14,16,21,23,28,8032
4,18 30 33 12 17 31,12,17,18,30,31,33,8033
9,03 29 05 09 21 11,3,5,9,11,21,29,8034
16,18 07 29 14 11 17,7,11,14,17,18,29,8035
16,18 02 28 23 06 13,2,6,13,18,23,28,8036
6,01 22 12 31 24 28,1,12,22,24,28,31,8037
13,10 03 09 11 19 15,3,9,10,11,15,19,8038
1,07 13 01 10 22 29,1,7,10,13,22,29,8039
9,25 22 27 06 28 13,6,13,22,25,27,28,8040
4,27 22 20 23 11 08,8,11,20,22,23,27,8041
1,12 09 24 04 03 11,3,4,9,11,12,24,8042
14,33 16 22 10 27 03,3,10,16,22,27,33,8043
9,26 09 29 05 20 07,5,7,9,20,26,29,8044
4,21 10 32 13 01 29,1,10,13,21,29,32,8045
15,16 18 28 24 33 15,15,16,18,24,28,33,8046
10,14 22 13 12 09 20,9,12,13,14,20,22,8047
1,30 27 32 11 21 18,11,18,21,27,30,32,8048
4,13 03 10 25 12 19,3,10,12,13,19,25,8049
3,27 11 01 26 19 24,1,11,19,24,26,27,8050
11,04 08 01 13 10 33,1,4,8,10,13,33,8051
10,31 02 29 23 10 17,2,10,17,23,29,31,8052
4,21 12 19 20 06 27,6,12,19,20,21,27,8053
7,02 16 17 25 06 20,2,6,16,17,20,25,8054
4,26 16 23 11 19 31,11,16,19,23,26,31,8055
7,08 30 22 23 13 25,8,13,22,23,25,30,8056
8,28 20 30 21 19 26,19,20,21,26,28,30,8057
11,27 21 12 31 01 29,1,12,21,27,29,31,8058
16,06 15 02 32 29 31,2,6,15,29,31,32,8059
3,32 30 06 08 17 07,6,7,8,17,30,32,8060
6,02 05 12 01 31 26,1,2,5,12,26,31,8061
15,17 24 27 06 13 08,6,8,13,17,24,27,8062
15,14 09 05 17 11 16,5,9,11,14,16,17,8063
12,01 12 07 02 09 18,1,2,7,9,12,18,8064
5,13 30 19 31 15 05,5,13,15,19,30,31,8065
8,07 21 22 30 12 29,7,12,21,22,29,30,8066
13,19 11 10 26 33 15,10,11,15,19,26,33,8067
7,05 23 29 17 07 27,5,7,17,23,27,29,8068
10,08 05 26 17 20 30,5,8,17,20,26,30,8069
13,12 33 06 15 18 05,5,6,12,15,18,33,8070
9,21 01 26 27 06 28,1,6,21,26,27,28,8071
9,18 01 05 22 10 30,1,5,10,18,22,30,8072
8,22 13 28 33 09 01,1,9,13,22,28,33,8073
9,24 19 15 11 20 01,1,11,15,19,20,24,8074
3,18 22 01 14 30 08,1,8,14,18,22,30,8075
11,18 11 05 13 07 02,2,5,7,11,13,18,8076
9,30 26 04 12 33 22,4,12,22,26,30,33,8077
1,13 30 16 26 33 06,6,13,16,26,30,33,8078
9,32 05 20 04 03 10,3,4,5,10,20,32,8079
14,14 04 25 29 22 32,4,14,22,25,29,32,8080
4,25 31 18 13 12 02,2,12,13,18,25,31,8081
9,08 04 26 21 10 12,4,8,10,12,21,26,8082
9,09 29 07 08 18 32,7,8,9,18,29,32,8083
16,20 13 04 30 07 29,4,7,13,20,29,30,8084
15,24 01 20 12 04 29,1,4,12,20,24,29,8085
12,27 10 26 30 04 05,4,5,10,26,27,30,8086
6,30 01 29 31 07 26,1,7,26,29,30,31,8087
5,06 17 08 23 16 01,1,6,8,16,17,23,8088
11,22 27 03 16 11 06,3,6,11,16,22,27,8089
1,14 19 02 24 18 07,2,7,14,18,19,24,8090
10,31 23 03 12 14 32,3,12,14,23,31,32,8091
5,28 27 30 18 03 01,1,3,18,27,28,30,8092
7,26 16 04 10 12 28,4,10,12,16,26,28,8093
14,28 01 15 23 16 04,1,4,15,16,23,28,8094
3,08 14 21 29 28 03,3,8,14,21,28,29,8095
14,08 06 27 24 12 31,6,8,12,24,27,31,8096
13,06 16 17 03 08 09,3,6,8,9,16,17,8097
1,11 10 06 07 15 30,6,7,10,11,15,30,8098
7,24 23 22 15 16 10,10,15,16,22,23,24,8099
14,08 14 21 28 27 17,8,14,17,21,27,28,8100
4,26 17 21 30 09 28,9,17,21,26,28,30,8101
5,07 32 03 25 12 21,3,7,12,21,25,32,8102
4,22 12 33 16 01 18,1,12,16,18,22,33,8103
1,31 24 03 06 08 17,3,6,8,17,24,31,8104
2,27 19 05 17 28 32,5,17,19,27,28,32,8105
15,27 29 30 14 25 19,14,19,25,27,29,30,8106
4,13 22 32 18 27 06,6,13,18,22,27,32,8107
12,30 15 09 23 17 10,9,10,15,17,23,30,8108
10,28 07 04 16 21 09,4,7,9,16,21,28,8109
2,16 22 10 29 23 31,10,16,22,23,29,31,8110
6,21 18 17 31 25 32,17,18,21,25,31,32,8111
6,19 14 13 23 22 05,5,13,14,19,22,23,8112
9,06 10 22 09 12 17,6,9,10,12,17,22,8113
14,24 25 04 09 20 31,4,9,20,24,25,31,8114
6,18 13 17 02 12 14,2,12,13,14,17,18,8115
14,03 21 24 22 29 07,3,7,21,22,24,29,8116
7,03 33 05 07 10 14,3,5,7,10,14,33,8117
1,27 04 31 33 09 16,4,9,16,27,31,33,8118
7,09 05 07 29 24 15,5,7,9,15,24,29,8119
2,11 24 33 22 10 26,10,11,22,24,26,33,8120
6,27 02 22 31 23 32,2,22,23,27,31,32,8121
15,14 19 08 11 02 26,2,8,11,14,19,26,8122
2,10 16 15 29 25 11,10,11,15,16,25,29,8123
3,22 07 21 10 13 01,1,7,10,13,21,22,8124
9,15 26 11 29 10 12,10,11,12,15,26,29,8125
13,20 04 14 12 11 30,4,11,12,14,20,30,8126
13,05 08 30 22 19 27,5,8,19,22,27,30,8127
5,01 33 27 05 19 20,1,5,19,20,27,33,8128
15,01 24 18 32 03 25,1,3,18,24,25,32,8129
6,18 32 28 30 01 12,1,12,18,28,30,32,8130
8,32 02 22 18 12 15,2,12,15,18,22,32,8131
8,16 13 33 25 27 09,9,13,16,25,27,33,8132
11,26 24 08 19 11 16,8,11,16,19,24,26,8133
2,32 20 19 10 15 28,10,15,19,20,28,32,8134
15,21 16 15 14 05 19,5,14,15,16,19,21,8135
2,18 10 28 05 09 12,5,9,10,12,18,28,8136
9,04 29 01 33 24 28,1,4,24,28,29,33,8137
4,32 25 19 07 14 23,7,14,19,23,25,32,8138
7,19 08 23 25 09 26,8,9,19,23,25,26,8139
14,30 16 07 31 29 14,7,14,16,29,30,31,8140
15,25 13 03 20 29 33,3,13,20,25,29,33,8141
15,05 13 17 06 28 10,5,6,10,13,17,28,8142
6,18 26 19 12 17 27,12,17,18,19,26,27,8143
15,05 10 29 27 33 02,2,5,10,27,29,33,8144
2,22 29 18 13 07 26,7,13,18,22,26,29,8145
10,07 19 31 32 17 08,7,8,17,19,31,32,8146
2,33 22 08 26 07 14,7,8,14,22,26,33,8147
9,22 09 26 05 28 03,3,5,9,22,26,28,8148
2,14 29 28 33 22 10,10,14,22,28,29,33,8149
2,22 24 32 04 29 19,4,19,22,24,29,32,8150
6,10 17 08 14 06 19,6,8,10,14,17,19,8151
8,30 22 04 26 01 06,1,4,6,22,26,30,8152
16,30 18 24 01 21 04,1,4,18,21,24,30,8153
8,21 02 05 22 07 26,2,5,7,21,22,26,8154
4,04 24 21 31 23 30,4,21,23,24,30,31,9001
14,29 33 10 25 17 14,10,14,17,25,29,33,9002
2,03 25 15 30 06 02,2,3,6,15,25,30,9003
3,28 03 13 17 31 11,3,11,13,17,28,31,9004
13,15 01 17 08 21 03,1,3,8,15,17,21,9005
2,06 12 33 26 18 20,6,12,18,20,26,33,9006
15,25 01 26 12 23 05,1,5,12,23,25,26,9007
2,04 33 22 15 16 32,4,15,16,22,32,33,9008
2,30 31 33 08 21 15,8,15,21,30,31,33,9009
2,17 19 03 20 10 24,3,10,17,19,20,24,9010
15,18 23 04 14 02 13,2,4,13,14,18,23,9011
1,14 17 05 11 18 28,5,11,14,17,18,28,9012
9,08 21 09 04 27 26,4,8,9,21,26,27,9013
2,03 15 14 06 18 09,3,6,9,14,15,18,9014
5,15 04 32 17 06 02,2,4,6,15,17,32,9015
3,13 16 02 07 33 20,2,7,13,16,20,33,9016
8,26 15 25 14 19 06,6,14,15,19,25,26,9017
15,05 06 30 27 19 02,2,5,6,19,27,30,9018
4,26 17 19 27 06 20,6,17,19,20,26,27,9019
13,07 03 19 10 23 05,3,5,7,10,19,23,9020
9,24 05 17 01 04 27,1,4,5,17,24,27,9021
8,11 10 09 18 08 05,5,8,9,10,11,18,9022
8,01 15 07 24 06 30,1,6,7,15,24,30,9023
12,30 33 01 23 03 17,1,3,17,23,30,33,9024
11,20 26 23 22 10 33,10,20,22,23,26,33,9025
16,20 17 11 18 15 30,11,15,17,18,20,30,9026
6,27 07 16 32 02 11,2,7,11,16,27,32,9027
10,03 15 06 23 12 26,3,6,12,15,23,26,9028
13,15 13 23 22 29 12,12,13,15,22,23,29,9029
7,26 32 24 14 28 08,8,14,24,26,28,32,9030
1,03 01 30 02 33 15,1,2,3,15,30,33,9031
6,09 12 11 27 32 19,9,11,12,19,27,32,9032
6,08 13 07 30 14 29,7,8,13,14,29,30,9033
7,21 18 26 12 22 09,9,12,18,21,22,26,9034
5,29 26 31 15 06 21,6,15,21,26,29,31,9035
7,33 06 09 23 32 18,6,9,18,23,32,33,9036
3,18 20 15 06 31 02,2,6,15,18,20,31,9037
5,13 12 23 28 15 32,12,13,15,23,28,32,9038
3,27 12 14 15 21 05,5,12,14,15,21,27,9039
12,04 07 26 10 30 20,4,7,10,20,26,30,9040
8,28 23 26 01 08 33,1,8,23,26,28,33,9041
11,08 30 22 23 16 27,8,16,22,23,27,30,9042
7,26 10 18 04 15 09,4,9,10,15,18,26,9043
1,30 11 18 26 16 14,11,14,16,18,26,30,9044
1,32 04 30 23 03 06,3,4,6,23,30,32,9045
9,21 16 20 29 26 30,16,20,21,26,29,30,9046
16,11 06 22 21 15 08,6,8,11,15,21,22,9047
1,07 17 11 15 03 31,3,7,11,15,17,31,9048
6,30 12 14 09 20 31,9,12,14,20,30,31,9049
4,24 30 29 21 13 32,13,21,24,29,30,32,9050
7,10 16 23 06 13 21,6,10,13,16,21,23,9051
8,11 15 21 30 09 19,9,11,15,19,21,30,9052
4,19 28 12 07 22 18,7,12,18,19,22,28,9053
11,26 32 23 17 31 16,16,17,23,26,31,32,9054
11,29 24 04 03 22 18,3,4,18,22,24,29,9055
8,10 32 04 29 18 09,4,9,10,18,29,32,9056
11,10 25 07 05 14 17,5,7,10,14,17,25,9057
9,08 10 23 05 26 15,5,8,10,15,23,26,9058
11,03 07 27 23 30 13,3,7,13,23,27,30,9059
4,13 17 07 26 32 33,7,13,17,26,32,33,9060
3,16 13 11 19 10 30,10,11,13,16,19,30,9061
10,21 32 20 23 10 19,10,19,20,21,23,32,9062
16,05 32 30 11 26 02,2,5,11,26,30,32,9063
15,23 28 02 14 01 29,1,2,14,23,28,29,9064
2,33 08 30 22 20 12,8,12,20,22,30,33,9065
4,19 24 15 02 31 32,2,15,19,24,31,32,9066
5,04 10 30 28 16 23,4,10,16,23,28,30,9067
5,11 30 20 25 06 18,6,11,18,20,25,30,9068
2,12 23 03 18 21 05,3,5,12,18,21,23,9069
10,10 09 02 31 21 01,1,2,9,10,21,31,9070
6,26 04 05 32 31 23,4,5,23,26,31,32,9071
4,20 12 21 29 03 01,1,3,12,20,21,29,9072
14,16 09 18 27 17 22,9,16,17,18,22,27,9073
13,28 10 23 19 05 16,5,10,16,19,23,28,9074
5,13 20 01 30 17 15,1,13,15,17,20,30,9075
6,28 31 18 09 25 19,9,18,19,25,28,31,9076
16,32 01 09 14 28 16,1,9,14,16,28,32,9077
13,12 05 07 14 15 20,5,7,12,14,15,20,9078
13,02 09 16 30 21 31,2,9,16,21,30,31,9079
6,25 32 13 33 01 11,1,11,13,25,32,33,9080
3,04 30 06 25 29 05,4,5,6,25,29,30,9081
2,15 11 18 21 27 29,11,15,18,21,27,29,9082
4,18 24 08 02 28 12,2,8,12,18,24,28,9083
13,09 20 32 33 11 04,4,9,11,20,32,33,9084
3,20 04 12 17 08 30,4,8,12,17,20,30,9085
11,32 12 23 18 11 13,11,12,13,18,23,32,9086
6,13 11 06 28 20 32,6,11,13,20,28,32,9087
2,07 15 04 11 17 16,4,7,11,15,16,17,9088
4,02 32 19 07 11 03,2,3,7,11,19,32,9089
14,14 20 23 09 30 07,7,9,14,20,23,30,9090
4,14 08 25 11 03 29,3,8,11,14,25,29,9091
8,14 31 06 02 07 18,2,6,7,14,18,31,9092
1,32 01 20 33 31 11,1,11,20,31,32,33,9093
14,03 16 22 33 25 26,3,16,22,25,26,33,9094
15,14 28 33 09 08 31,8,9,14,28,31,33,9095
3,26 32 33 01 31 27,1,26,27,31,32,33,9096
14,28 13 32 26 24 07,7,13,24,26,28,32,9097
2,23 15 30 14 20 03,3,14,15,20,23,30,9098
9,25 20 08 18 09 29,8,9,18,20,25,29,9099
11,30 11 02 17 27 33,2,11,17,27,30,33,9100
14,01 10 24 02 05 19,1,2,5,10,19,24,9101
10,07 31 05 14 08 03,3,5,7,8,14,31,9102
9,24 23 11 20 17 06,6,11,17,20,23,24,9103
16,20 32 30 29 22 26,20,22,26,29,30,32,9104
15,10 16 02 27 30 08,2,8,10,16,27,30,9105
4,20 18 15 29 01 02,1,2,15,18,20,29,9106
5,07 28 23 08 20 29,7,8,20,23,28,29,9107
2,33 04 10 17 28 32,4,10,17,28,32,33,9108
1,14 07 05 06 25 28,5,6,7,14,25,28,9109
14,13 04 15 10 30 19,4,10,13,15,19,30,9110
15,25 04 15 14 07 02,2,4,7,14,15,25,9111
9,30 24 07 32 18 06,6,7,18,24,30,32,9112
16,20 25 28 12 29 04,4,12,20,25,28,29,9113
11,03 12 31 32 11 05,3,5,11,12,31,32,9114
3,02 15 19 24 09 13,2,9,13,15,19,24,9115
14,17 27 21 25 32 05,5,17,21,25,27,32,9116
13,09 05 21 15 31 26,5,9,15,21,26,31,9117
5,27 26 25 12 31 16,12,16,25,26,27,31,9118
5,10 12 07 06 15 21,6,7,10,12,15,21,9119
16,01 02 08 12 30 16,1,2,8,12,16,30,9120
9,06 02 30 10 04 25,2,4,6,10,25,30,9121
1,27 32 14 16 29 07,7,14,16,27,29,32,9122
14,20 13 22 25 28 09,9,13,20,22,25,28,9123
10,30 23 28 04 03 22,3,4,22,23,28,30,9124
12,22 26 27 07 06 08,6,7,8,22,26,27,9125
15,10 06 03 19 23 05,3,5,6,10,19,23,9126
4,02 12 11 16 14 15,2,11,12,14,15,16,9127
1,05 15 26 08 32 16,5,8,15,16,26,32,9128
7,06 25 16 17 07 24,6,7,16,17,24,25,9129
11,30 07 13 03 02 12,2,3,7,12,13,30,9130
5,32 25 26 33 23 16,16,23,25,26,32,33,9131
7,15 30 04 23 21 14,4,14,15,21,23,30,9132
1,13 05 09 32 20 18,5,9,13,18,20,32,9133
6,05 15 28 33 12 03,3,5,12,15,28,33,9134
16,30 14 01 03 33 19,1,3,14,19,30,33,9135
1,30 01 33 22 14 04,1,4,14,22,30,33,9136
1,17 14 21 08 15 12,8,12,14,15,17,21,9137
14,14 33 07 04 26 32,4,7,14,26,32,33,9138
2,29 27 17 05 01 15,1,5,15,17,27,29,9139
12,11 33 04 22 18 05,4,5,11,18,22,33,9140
9,31 29 13 21 02 28,2,13,21,28,29,31,9141
13,20 15 19 24 11 07,7,11,15,19,20,24,9142
10,09 28 23 05 11 17,5,9,11,17,23,28,9143
12,17 05 18 01 29 10,1,5,10,17,18,29,9144
11,11 33 26 03 05 15,3,5,11,15,26,33,9145
15,16 09 20 22 33 03,3,9,16,20,22,33,9146
16,08 06 32 10 22 18,6,8,10,18,22,32,9147
10,15 29 32 22 06 12,6,12,15,22,29,32,9148
4,16 18 03 29 22 01,1,3,16,18,22,29,9149
4,07 20 04 16 06 19,4,6,7,16,19,20,9150
14,06 25 10 30 08 16,6,8,10,16,25,30,9151
5,27 21 03 19 04 28,3,4,19,21,27,28,9152
10,25 07 08 06 20 21,6,7,8,20,21,25,9153
16,12 18 14 25 01 07,1,7,12,14,18,25,9154
13,27 32 29 07 17 18,7,17,18,27,29,32,10001
13,07 30 06 33 23 03,3,6,7,23,30,33,10002
4,14 27 22 28 26 31,14,22,26,27,28,31,10003
7,28 16 13 12 23 01,1,12,13,16,23,28,10004
14,18 17 05 08 06 03,3,5,6,8,17,18,10005
5,13 14 03 05 07 18,3,5,7,13,14,18,10006
14,22 33 28 14 30 27,14,22,27,28,30,33,10007
14,05 13 15 07 30 18,5,7,13,15,18,30,10008
6,21 13 09 24 32 01,1,9,13,21,24,32,10009
8,26 08 12 15 07 22,7,8,12,15,22,26,10010
7,08 07 30 24 14 22,7,8,14,22,24,30,10011
10,25 13 14 08 33 02,2,8,13,14,25,33,10012
12,03 02 16 01 18 23,1,2,3,16,18,23,10013
2,01 03 26 07 28 14,1,3,7,14,26,28,10014
6,21 23 28 16 04 01,1,4,16,21,23,28,10015
16,10 33 30 12 08 02,2,8,10,12,30,33,10016
11,06 01 23 12 11 03,1,3,6,11,12,23,10017
2,29 11 32 30 33 28,11,28,29,30,32,33,10018
6,27 24 02 22 26 10,2,10,22,24,26,27,10019
9,24 14 22 05 06 26,5,6,14,22,24,26,10020
4,19 25 17 09 16 02,2,9,16,17,19,25,10021
2,32 29 31 18 02 01,1,2,18,29,31,32,10022
11,11 02 09 22 24 27,2,9,11,22,24,27,10023
14,07 26 31 29 27 16,7,16,26,27,29,31,10024
11,05 07 13 04 25 10,4,5,7,10,13,25,10025
12,22 02 04 19 08 05,2,4,5,8,19,22,10026
13,15 25 03 04 30 26,3,4,15,25,26,30,10027
12,12 06 03 32 16 01,1,3,6,12,16,32,10028
3,05 01 16 14 22 17,1,5,14,16,17,22,10029
5,06 25 03 31 10 16,3,6,10,16,25,31,10030
4,07 25 05 13 28 24,5,7,13,24,25,28,10031
8,28 18 21 29 08 33,8,18,21,28,29,33,10032
9,08 12 11 25 29 10,8,10,11,12,25,29,10033
12,25 22 11 13 06 32,6,11,13,22,25,32,10034
10,21 18 10 09 11 19,9,10,11,18,19,21,10035
8,29 28 06 14 30 13,6,13,14,28,29,30,10036
6,03 19 21 16 24 26,3,16,19,21,24,26,10037
1,01 16 06 07 11 13,1,6,7,11,13,16,10038
12,08 25 17 32 23 21,8,17,21,23,25,32,10039
11,24 25 19 32 30 12,12,19,24,25,30,32,10040
12,03 29 25 13 05 19,3,5,13,19,25,29,10041
10,32 11 20 31 03 06,3,6,11,20,31,32,10042
4,19 22 33 10 04 28,4,10,19,22,28,33,10043
5,03 09 27 23 31 21,3,9,21,23,27,31,10044
1,20 02 13 29 03 04,2,3,4,13,20,29,10045
5,23 21 12 32 11 27,11,12,21,23,27,32,10046
15,13 20 32 21 03 10,3,10,13,20,21,32,10047
2,23 08 06 01 33 10,1,6,8,10,23,33,10048
2,06 10 27 01 28 26,1,6,10,26,27,28,10049
11,30 07 28 22 26 21,7,21,22,26,28,30,10050
3,28 27 17 23 32 04,4,17,23,27,28,32,10051
10,01 02 29 27 19 23,1,2,19,23,27,29,10052
14,28 24 27 30 03 22,3,22,24,27,28,30,10053
6,08 01 12 25 14 06,1,6,8,12,14,25,10054
8,13 20 03 02 19 23,2,3,13,19,20,23,10055
7,32 13 03 01 02 08,1,2,3,8,13,32,10056
5,12 25 11 05 32 19,5,11,12,19,25,32,10057
12,04 19 11 01 17 29,1,4,11,17,19,29,10058
10,18 01 11 12 09 30,1,9,11,12,18,30,10059
9,27 18 15 01 22 08,1,8,15,18,22,27,10060
12,02 22 04 26 19 16,2,4,16,19,22,26,10061
3,20 11 15 31 13 33,11,13,15,20,31,33,10062
3,06 02 23 17 24 10,2,6,10,17,23,24,10063
11,26 08 30 31 14 25,8,14,25,26,30,31,10064
12,32 30 17 02 08 07,2,7,8,17,30,32,10065
7,01 22 31 32 21 03,1,3,21,22,31,32,10066
1,01 14 21 07 10 25,1,7,10,14,21,25,10067
13,13 20 18 23 03 28,3,13,18,20,23,28,10068
11,14 32 24 22 12 20,12,14,20,22,24,32,10069
7,13 33 08 27 31 23,8,13,23,27,31,33,10070
1,14 13 26 05 20 17,5,13,14,17,20,26,10071
1,31 30 22 23 06 08,6,8,22,23,30,31,10072
2,16 23 20 01 27 31,1,16,20,23,27,31,10073
15,18 17 19 10 02 29,2,10,17,18,19,29,10074
14,22 05 13 09 15 12,5,9,12,13,15,22,10075
15,01 31 32 12 29 14,1,12,14,29,31,32,10076
9,21 08 14 20 24 02,2,8,14,20,21,24,10077
12,03 11 17 23 09 01,1,3,9,11,17,23,10078
2,18 14 11 22 08 12,8,11,12,14,18,22,10079
16,14 10 16 13 08 23,8,10,13,14,16,23,10080
5,24 27 03 02 26 09,2,3,9,24,26,27,10081
2,13 31 08 01 27 14,1,8,13,14,27,31,10082
12,20 02 22 23 31 21,2,20,21,22,23,31,10083
3,02 18 10 20 30 14,2,10,14,18,20,30,10084
8,27 12 24 01 13 08,1,8,12,13,24,27,10085
8,31 05 29 28 21 30,5,21,28,29,30,31,10086
10,08 25 01 16 30 17,1,8,16,17,25,30,10087
12,06 27 23 15 30 05,5,6,15,23,27,30,10088
1,23 08 16 26 07 09,7,8,9,16,23,26,10089
14,15 06 01 31 25 10,1,6,10,15,25,31,10090
16,13 20 24 22 16 06,6,13,16,20,22,24,10091
2,03 13 28 19 30 27,3,13,19,27,28,30,10092
6,33 28 10 32 09 19,9,10,19,28,32,33,10093
10,27 32 31 07 03 05,3,5,7,27,31,32,10094
14,27 11 09 25 17 16,9,11,16,17,25,27,10095
3,07 12 21 24 28 23,7,12,21,23,24,28,10096
1,18 16 24 26 21 10,10,16,18,21,24,26,10097
7,01 16 29 33 08 03,1,3,8,16,29,33,10098
6,30 24 27 03 04 17,3,4,17,24,27,30,10099
8,23 06 12 22 01 26,1,6,12,22,23,26,10100
6,18 26 25 04 09 21,4,9,18,21,25,26,10101
10,04 20 11 16 22 29,4,11,16,20,22,29,10102
9,20 33 09 06 14 17,6,9,14,17,20,33,10103
2,17 23 27 32 24 07,7,17,23,24,27,32,10104
11,19 08 21 01 09 31,1,8,9,19,21,31,10105
16,26 15 29 08 06 02,2,6,8,15,26,29,10106
16,08 15 22 12 17 33,8,12,15,17,22,33,10107
7,04 23 24 20 08 02,2,4,8,20,23,24,10108
15,25 18 32 15 29 04,4,15,18,25,29,32,10109
1,03 01 24 12 26 27,1,3,12,24,26,27,10110
10,17 04 18 07 08 13,4,7,8,13,17,18,10111
16,08 01 24 18 30 29,1,8,18,24,29,30,10112
10,05 18 20 15 28 10,5,10,15,18,20,28,10113
1,01 17 15 25 08 11,1,8,11,15,17,25,10114
15,22 01 24 29 33 25,1,22,24,25,29,33,10115
7,26 10 22 20 05 09,5,9,10,20,22,26,10116
1,08 24 28 01 22 20,1,8,20,22,24,28,10117
5,08 05 15 13 11 25,5,8,11,13,15,25,10118
9,31 25 27 30 17 07,7,17,25,27,30,31,10119
16,10 06 29 01 05 02,1,2,5,6,10,29,10120
15,08 30 18 13 25 11,8,11,13,18,25,30,10121
6,12 16 25 27 09 02,2,9,12,16,25,27,10122
10,18 29 06 32 12 15,6,12,15,18,29,32,10123
2,06 08 12 11 25 02,2,6,8,11,12,25,10124
9,23 28 07 13 06 29,6,7,13,23,28,29,10125
5,28 03 13 18 27 20,3,13,18,20,27,28,10126
1,17 04 25 08 33 01,1,4,8,17,25,33,10127
12,28 04 24 19 11 20,4,11,19,20,24,28,10128
16,32 14 04 08 28 25,4,8,14,25,28,32,10129
16,31 07 02 01 15 21,1,2,7,15,21,31,10130
6,15 16 06 26 05 19,5,6,15,16,19,26,10131
15,12 10 02 33 18 24,2,10,12,18,24,33,10132
1,32 17 09 03 21 26,3,9,17,21,26,32,10133
6,27 16 15 22 28 09,9,15,16,22,27,28,10134
10,04 10 13 26 30 25,4,10,13,25,26,30,10135
10,26 10 24 04 33 23,4,10,23,24,26,33,10136
6,33 13 09 19 10 07,7,9,10,13,19,33,10137
5,01 26 24 23 30 21,1,21,23,24,26,30,10138
9,26 18 11 31 20 13,11,13,18,20,26,31,10139
15,29 18 01 12 26 13,1,12,13,18,26,29,10140
6,23 03 07 02 27 18,2,3,7,18,23,27,10141
10,02 16 26 27 23 18,2,16,18,23,26,27,10142
14,16 30 09 18 26 31,9,16,18,26,30,31,10143
11,21 15 19 02 03 08,2,3,8,15,19,21,10144
8,27 03 31 24 21 28,3,21,24,27,28,31,10145
1,22 25 18 32 17 01,1,17,18,22,25,32,10146
3,08 30 18 24 02 15,2,8,15,18,24,30,10147
12,18 23 07 03 27 01,1,3,7,18,23,27,10148
9,07 25 16 02 08 30,2,7,8,16,25,30,10149
6,18 30 17 23 02 29,2,17,18,23,29,30,10150
14,02 13 14 17 19 26,2,13,14,17,19,26,10151
1,21 04 09 17 25 31,4,9,17,21,25,31,10152
13,06 30 19 03 12 31,3,6,12,19,30,31,10153
10,26 03 32 09 24 20,3,9,20,24,26,32,11001
5,28 06 17 12 08 33,6,8,12,17,28,33,11002
4,27 13 21 14 22 23,13,14,21,22,23,27,11003
5,13 06 26 10 08 04,4,6,8,10,13,26,11004
13,09 12 14 20 22 06,6,9,12,14,20,22,11005
5,01 13 18 03 05 16,1,3,5,13,16,18,11006
5,09 17 01 24 31 26,1,9,17,24,26,31,11007
15,31 24 10 12 13 17,10,12,13,17,24,31,11008
4,17 18 26 23 25 24,17,18,23,24,25,26,11009
13,15 09 01 19 04 05,1,4,5,9,15,19,11010
10,18 19 24 12 01 21,1,12,18,19,21,24,11011
13,11 26 07 13 08 15,7,8,11,13,15,26,11012
8,03 22 01 13 16 21,1,3,13,16,21,22,11013
16,26 07 23 05 11 10,5,7,10,11,23,26,11014
7,26 29 03 13 06 27,3,6,13,26,27,29,11015
13,17 16 22 03 04 29,3,4,16,17,22,29,11016
8,23 06 26 33 15 02,2,6,15,23,26,33,11017
1,15 28 30 13 33 18,13,15,18,28,30,33,11018
16,12 19 32 02 04 33,2,4,12,19,32,33,11019
5,19 16 24 17 30 12,12,16,17,19,24,30,11020
8,31 18 02 25 14 01,1,2,14,18,25,31,11021
5,16 21 02 17 07 14,2,7,14,16,17,21,11022
5,03 06 02 21 22 25,2,3,6,21,22,25,11023
14,31 10 19 26 05 07,5,7,10,19,26,31,11024
9,25 31 26 32 08 33,8,25,26,31,32,33,11025
12,19 17 08 26 07 21,7,8,17,19,21,26,11026
1,26 21 13 25 18 22,13,18,21,22,25,26,11027
1,16 05 17 14 04 01,1,4,5,14,16,17,11028
7,10 01 31 04 20 09,1,4,9,10,20,31,11029
10,09 33 25 24 19 02,2,9,19,24,25,33,11030
12,29 28 24 32 17 16,16,17,24,28,29,32,11031
15,05 15 14 07 13 03,3,5,7,13,14,15,11032
4,08 13 29 12 19 02,2,8,12,13,19,29,11033
8,13 19 31 24 17 14,13,14,17,19,24,31,11034
2,18 13 27 31 20 14,13,14,18,20,27,31,11035
5,24 02 22 20 11 31,2,11,20,22,24,31,11036
11,06 25 04 03 17 01,1,3,4,6,17,25,11037
12,02 23 24 19 15 14,2,14,15,19,23,24,11038
13,03 10 24 16 07 29,3,7,10,16,24,29,11039
13,11 05 28 14 24 26,5,11,14,24,26,28,11040
13,13 12 10 04 32 30,4,10,12,13,30,32,11041
15,13 19 05 17 15 21,5,13,15,17,19,21,11042
4,25 14 31 04 13 17,4,13,14,17,25,31,11043
9,16 27 26 31 14 03,3,14,16,26,27,31,11044
8,17 32 26 16 20 02,2,16,17,20,26,32,11045
8,30 29 17 18 09 26,9,17,18,26,29,30,11046
14,13 25 23 04 33 27,4,13,23,25,27,33,11047
15,18 10 25 14 26 27,10,14,18,25,26,27,11048
14,31 11 01 27 17 18,1,11,17,18,27,31,11049
15,19 28 05 22 04 29,4,5,19,22,28,29,11050
14,11 01 16 07 14 15,1,7,11,14,15,16,11051
8,05 19 28 04 08 27,4,5,8,19,27,28,11052
15,22 03 30 12 06 10,3,6,10,12,22,30,11053
8,22 33 08 17 16 11,8,11,16,17,22,33,11054
16,29 13 17 16 08 32,8,13,16,17,29,32,11055
10,16 25 20 23 19 13,13,16,19,20,23,25,11056
2,33 21 06 04 26 20,4,6,20,21,26,33,11057
6,32 18 07 30 22 33,7,18,22,30,32,33,11058
16,29 27 33 31 24 26,24,26,27,29,31,33,11059
1,27 10 21 11 31 13,10,11,13,21,27,31,11060
3,19 03 08 21 02 13,2,3,8,13,19,21,11061
3,04 29 10 08 09 30,4,8,9,10,29,30,11062
5,19 15 18 13 04 06,4,6,13,15,18,19,11063
2,06 29 30 07 03 33,3,6,7,29,30,33,11064
3,16 29 25 04 27 23,4,16,23,25,27,29,11065
12,30 14 32 04 17 06,4,6,14,17,30,32,11066
12,24 19 27 17 20 25,17,19,20,24,25,27,11067
10,15 10 19 24 03 07,3,7,10,15,19,24,11068
12,30 24 02 18 13 16,2,13,16,18,24,30,11069
12,21 12 03 01 05 28,1,3,5,12,21,28,11070
2,28 15 30 02 01 22,1,2,15,22,28,30,11071
12,18 10 06 01 27 11,1,6,10,11,18,27,11072
14,21 05 04 12 03 17,3,4,5,12,17,21,11073
1,26 32 21 28 29 02,2,21,26,28,29,32,11074
13,09 32 12 31 07 10,7,9,10,12,31,32,11075
13,33 26 32 19 06 21,6,19,21,26,32,33,11076
10,07 26 15 29 01 08,1,7,8,15,26,29,11077
9,05 13 20 22 29 03,3,5,13,20,22,29,11078
5,15 29 16 03 24 14,3,14,15,16,24,29,11079
9,07 32 31 02 09 25,2,7,9,25,31,32,11080
12,23 25 32 14 19 06,6,14,19,23,25,32,11081
4,26 25 20 16 07 17,7,16,17,20,25,26,11082
6,07 28 29 16 18 24,7,16,18,24,28,29,11083
15,32 12 16 18 10 09,9,10,12,16,18,32,11084
10,03 24 11 06 31 21,3,6,11,21,24,31,11085
9,12 24 06 17 09 07,6,7,9,12,17,24,11086
1,05 18 04 03 02 28,2,3,4,5,18,28,11087
4,20 17 09 03 29 21,3,9,17,20,21,29,11088
12,24 11 29 30 02 01,1,2,11,24,29,30,11089
16,25 18 05 02 21 14,2,5,14,18,21,25,11090
3,28 21 09 30 23 15,9,15,21,23,28,30,11091
4,17 32 31 05 10 26,5,10,17,26,31,32,11092
9,23 13 11 04 30 07,4,7,11,13,23,30,11093
5,11 09 12 19 18 17,9,11,12,17,18,19,11094
5,07 03 10 24 08 23,3,7,8,10,23,24,11095
15,14 13 04 19 01 07,1,4,7,13,14,19,11096
16,26 20 09 17 21 19,9,17,19,20,21,26,11097
5,21 03 07 22 32 20,3,7,20,21,22,32,11098
14,26 21 27 12 10 13,10,12,13,21,26,27,11099
5,23 21 07 31 11 32,7,11,21,23,31,32,11100
6,10 23 29 06 31 19,6,10,19,23,29,31,11101
11,21 05 31 13 01 27,1,5,13,21,27,31,11102
12,05 15 10 16 04 13,4,5,10,13,15,16,11103
9,09 10 29 20 16 25,9,10,16,20,25,29,11104
1,04 06 23 28 27 25,4,6,23,25,27,28,11105
14,02 11 12 14 24 32,2,11,12,14,24,32,11106
15,04 22 16 17 09 29,4,9,16,17,22,29,11107
10,02 22 26 17 29 33,2,17,22,26,29,33,11108
15,16 33 01 03 15 09,1,3,9,15,16,33,11109
12,33 26 21 28 12 14,12,14,21,26,28,33,11110
4,01 05 03 20 25 27,1,3,5,20,25,27,11111
15,03 05 16 18 23 24,3,5,16,18,23,24,11112
5,33 25 06 11 32 10,6,10,11,25,32,33,11113
9,14 16 15 30 32 01,1,14,15,16,30,32,11114
16,17 33 09 07 12 08,7,8,9,12,17,33,11115
5,27 12 01 07 17 11,1,7,11,12,17,27,11116
4,08 19 26 10 30 28,8,10,19,26,28,30,11117
10,06 14 11 21 05 20,5,6,11,14,20,21,11118
1,12 09 32 14 19 28,9,12,14,19,28,32,11119
7,30 28 17 14 33 04,4,14,17,28,30,33,11120
2,14 04 22 33 32 25,4,14,22,25,32,33,11121
3,27 31 12 18 26 10,10,12,18,26,27,31,11122
16,19 14 04 28 05 01,1,4,5,14,19,28,11123
16,19 09 31 26 18 32,9,18,19,26,31,32,11124
8,15 32 24 27 03 10,3,10,15,24,27,32,11125
16,26 13 18 07 03 23,3,7,13,18,23,26,11126
11,23 22 16 19 29 27,16,19,22,23,27,29,11127
12,19 23 14 09 11 17,9,11,14,17,19,23,11128
6,23 26 10 21 11 07,7,10,11,21,23,26,11129
15,32 18 23 14 25 07,7,14,18,23,25,32,11130
1,17 21 02 07 09 25,2,7,9,17,21,25,11131
7,25 05 12 13 02 33,2,5,12,13,25,33,11132
16,14 21 20 25 31 12,12,14,20,21,25,31,11133
10,07 06 30 31 02 01,1,2,6,7,30,31,11134
12,17 20 25 12 26 13,12,13,17,20,25,26,11135
7,06 02 31 22 20 04,2,4,6,20,22,31,11136
13,30 11 18 02 33 23,2,11,18,23,30,33,11137
7,28 15 32 01 05 24,1,5,15,24,28,32,11138
3,27 08 30 24 20 31,8,20,24,27,30,31,11139
6,04 18 27 29 20 22,4,18,20,22,27,29,11140
11,02 29 19 06 04 24,2,4,6,19,24,29,11141
2,31 16 29 15 12 26,12,15,16,26,29,31,11142
16,08 07 14 12 15 30,7,8,12,14,15,30,11143
3,01 02 16 10 09 24,1,2,9,10,16,24,11144
4,04 02 14 15 30 26,2,4,14,15,26,30,11145
10,23 33 26 11 28 32,11,23,26,28,32,33,11146
10,08 18 30 04 12 17,4,8,12,17,18,30,11147
14,26 23 22 25 05 14,5,14,22,23,25,26,11148
16,05 31 06 23 04 07,4,5,6,7,23,31,11149
13,08 10 27 22 12 15,8,10,12,15,22,27,11150
10,31 07 11 16 33 19,7,11,16,19,31,33,11151
13,12 04 26 11 21 10,4,10,11,12,21,26,11152
13,10 25 05 09 08 20,5,8,9,10,20,25,11153
6,04 05 15 01 09 17,1,4,5,9,15,17,12001
13,32 03 07 02 10 09,2,3,7,9,10,32,12002
9,24 08 06 31 03 29,3,6,8,24,29,31,12003
16,01 11 23 10 05 21,1,5,10,11,21,23,12004
6,07 31 27 33 18 09,7,9,18,27,31,33,12005
8,22 25 02 29 32 33,2,22,25,29,32,33,12006
4,19 32 28 17 10 27,10,17,19,27,28,32,12007
8,29 20 01 12 23 24,1,12,20,23,24,29,12008
11,27 24 16 04 33 26,4,16,24,26,27,33,12009
10,13 03 25 19 01 26,1,3,13,19,25,26,12010
5,14 15 20 26 16 04,4,14,15,16,20,26,12011
1,15 17 27 18 23 20,15,17,18,20,23,27,12012
13,24 06 30 08 32 29,6,8,24,29,30,32,12013
12,01 05 28 30 02 16,1,2,5,16,28,30,12014
15,03 01 21 10 23 06,1,3,6,10,21,23,12015
8,22 17 12 25 02 05,2,5,12,17,22,25,12016
10,28 25 19 09 06 14,6,9,14,19,25,28,12017
15,22 26 05 32 06 03,3,5,6,22,26,32,12018
16,30 22 07 20 18 14,7,14,18,20,22,30,12019
11,12 03 23 29 18 08,3,8,12,18,23,29,12020
3,01 18 30 22 15 16,1,15,16,18,22,30,12021
4,26 08 12 27 24 04,4,8,12,24,26,27,12022
2,09 15 23 33 05 24,5,9,15,23,24,33,12023
13,25 28 04 12 19 21,4,12,19,21,25,28,12024
6,25 03 09 27 08 17,3,8,9,17,25,27,12025
16,03 25 15 09 24 07,3,7,9,15,24,25,12026
12,25 30 22 31 16 04,4,16,22,25,30,31,12027
11,30 15 10 28 21 20,10,15,20,21,28,30,12028
3,07 25 26 15 04 28,4,7,15,25,26,28,12029
8,18 21 31 10 09 17,9,10,17,18,21,31,12030
3,22 04 24 31 27 16,4,16,22,24,27,31,12031
4,02 24 10 22 17 01,1,2,10,17,22,24,12032
4,27 16 03 17 15 02,2,3,15,16,17,27,12033
16,02 23 33 03 08 32,2,3,8,23,32,33,12034
5,24 12 11 21 26 09,9,11,12,21,24,26,12035
9,02 19 26 11 18 13,2,11,13,18,19,26,12036
9,24 19 14 05 28 33,5,14,19,24,28,33,12037
16,15 19 11 09 33 10,9,10,11,15,19,33,12038
8,02 22 01 29 13 05,1,2,5,13,22,29,12039
10,22 09 31 08 25 03,3,8,9,22,25,31,12040
2,20 24 08 32 11 15,8,11,15,20,24,32,12041
16,05 06 19 24 28 11,5,6,11,19,24,28,12042
3,02 11 33 26 09 21,2,9,11,21,26,33,12043
3,09 06 25 10 14 22,6,9,10,14,22,25,12044
9,21 20 27 08 30 11,8,11,20,21,27,30,12045
6,20 33 19 04 12 23,4,12,19,20,23,33,12046
11,06 33 11 07 32 16,6,7,11,16,32,33,12047
10,30 05 01 14 24 22,1,5,14,22,24,30,12048
2,20 19 04 12 13 32,4,12,13,19,20,32,12049
11,15 07 13 17 24 19,7,13,15,17,19,24,12050
9,02 14 17 12 30 31,2,12,14,17,30,31,12051
4,03 05 20 06 24 02,2,3,5,6,20,24,12052
4,33 25 04 22 27 15,4,15,22,25,27,33,12053
14,14 20 18 30 33 06,6,14,18,20,30,33,12054
1,06 24 28 04 13 20,4,6,13,20,24,28,12055
10,04 14 26 31 17 07,4,7,14,17,26,31,12056
4,21 31 27 03 05 19,3,5,19,21,27,31,12057
4,20 26 25 03 06 15,3,6,15,20,25,26,12058
1,21 13 26 04 22 31,4,13,21,22,26,31,12059
1,17 16 29 07 10 13,7,10,13,16,17,29,12060
14,03 18 11 08 14 12,3,8,11,12,14,18,12061
7,02 31 17 16 20 13,2,13,16,17,20,31,12062
12,24 17 10 02 19 27,2,10,17,19,24,27,12063
11,23 10 16 24 11 05,5,10,11,16,23,24,12064
14,19 08 27 10 18 31,8,10,18,19,27,31,12065
12,01 26 29 02 09 33,1,2,9,26,29,33,12066
16,04 26 30 10 21 05,4,5,10,21,26,30,12067
10,32 22 17 05 26 33,5,17,22,26,32,33,12068
6,20 11 18 10 29 08,8,10,11,18,20,29,12069
11,04 02 31 32 24 03,2,3,4,24,31,32,12070
8,21 19 23 22 03 04,3,4,19,21,22,23,12071
6,02 03 13 30 07 09,2,3,7,9,13,30,12072
5,27 17 07 09 10 04,4,7,9,10,17,27,12073
8,32 16 28 19 18 15,15,16,18,19,28,32,12074
11,06 23 04 32 29 22,4,6,22,23,29,32,12075
15,29 22 11 18 30 27,11,18,22,27,29,30,12076
12,26 28 02 18 13 04,2,4,13,18,26,28,12077
12,15 24 08 22 28 33,8,15,22,24,28,33,12078
12,33 24 06 12 30 07,6,7,12,24,30,33,12079
3,09 15 14 04 16 27,4,9,14,15,16,27,12080
6,29 05 25 02 24 10,2,5,10,24,25,29,12081
6,22 11 04 29 18 02,2,4,11,18,22,29,12082
4,04 33 15 14 26 09,4,9,14,15,26,33,12083
14,02 28 26 20 29 10,2,10,20,26,28,29,12084
5,24 17 30 05 33 31,5,17,24,30,31,33,12085
8,09 08 23 15 13 22,8,9,13,15,22,23,12086
9,13 14 11 10 03 22,3,10,11,13,14,22,12087
15,23 03 24 27 05 31,3,5,23,24,27,31,12088
11,25 03 13 14 10 07,3,7,10,13,14,25,12089
11,20 30 25 02 29 13,2,13,20,25,29,30,12090
16,07 05 21 19 08 01,1,5,7,8,19,21,12091
3,17 18 32 28 06 13,6,13,17,18,28,32,12092
13,19 24 33 21 03 05,3,5,19,21,24,33,12093
15,14 09 33 23 16 06,6,9,14,16,23,33,12094
2,24 29 17 27 28 30,17,24,27,28,29,30,12095
7,07 29 11 16 33 04,4,7,11,16,29,33,12096
6,14 13 08 22 19 05,5,8,13,14,19,22,12097
9,12 31 19 26 29 02,2,12,19,26,29,31,12098
16,21 08 27 16 15 12,8,12,15,16,21,27,12099
10,33 15 05 07 25 18,5,7,15,18,25,33,12100
2,33 12 09 17 18 20,9,12,17,18,20,33,12101
15,13 25 30 27 29 28,13,25,27,28,29,30,12102
2,09 04 14 11 33 32,4,9,11,14,32,33,12103
3,28 19 09 05 04 10,4,5,9,10,19,28,12104
4,17 06 13 15 14 30,6,13,14,15,17,30,12105
16,32 13 22 20 14 23,13,14,20,22,23,32,12106
9,31 15 11 25 24 12,11,12,15,24,25,31,12107
13,13 12 19 01 09 28,1,9,12,13,19,28,12108
3,29 12 31 02 26 24,2,12,24,26,29,31,12109
9,07 03 13 10 32 22,3,7,10,13,22,32,12110
13,10 31 09 20 22 02,2,9,10,20,22,31,12111
6,15 31 20 21 27 08,8,15,20,21,27,31,12112
6,06 09 18 03 32 13,3,6,9,13,18,32,12113
15,29 06 11 26 27 01,1,6,11,26,27,29,12114
14,03 32 24 20 26 08,3,8,20,24,26,32,12115
3,31 29 32 21 03 26,3,21,26,29,31,32,12116
9,24 15 18 20 28 13,13,15,18,20,24,28,12117
11,06 12 05 15 07 28,5,6,7,12,15,28,12118
13,12 20 27 25 26 28,12,20,25,26,27,28,12119
16,01 04 20 24 28 29,1,4,20,24,28,29,12120
11,01 20 07 24 08 23,1,7,8,20,23,24,12121
11,19 29 12 22 28 13,12,13,19,22,28,29,12122
9,10 08 25 16 28 33,8,10,16,25,28,33,12123
11,07 33 21 27 06 25,6,7,21,25,27,33,12124
1,12 13 26 29 08 33,8,12,13,26,29,33,12125
7,12 24 05 23 15 03,3,5,12,15,23,24,12126
8,26 09 11 21 32 01,1,9,11,21,26,32,12127
5,30 12 05 09 31 29,5,9,12,29,30,31,12128
1,21 01 07 09 17 29,1,7,9,17,21,29,12129
3,20 15 22 31 01 03,1,3,15,20,22,31,12130
12,06 19 32 28 26 18,6,18,19,26,28,32,12131
10,16 25 07 12 17 21,7,12,16,17,21,25,12132
2,20 01 29 21 08 11,1,8,11,20,21,29,12133
15,05 07 13 06 23 02,2,5,6,7,13,23,12134
16,02 08 11 17 07 05,2,5,7,8,11,17,12135
11,07 21 28 17 02 08,2,7,8,17,21,28,12136
7,01 13 17 02 04 06,1,2,4,6,13,17,12137
14,07 16 21 17 01 19,1,7,16,17,19,21,12138
15,08 24 21 31 28 19,8,19,21,24,28,31,12139
15,31 30 33 14 27 18,14,18,27,30,31,33,12140
9,20 08 05 03 27 19,3,5,8,19,20,27,12141
6,31 22 05 29 18 28,5,18,22,28,29,31,12142
6,08 25 07 30 18 32,7,8,18,25,30,32,12143
4,03 10 13 30 12 27,3,10,12,13,27,30,12144
3,05 28 26 27 20 33,5,20,26,27,28,33,12145
13,07 05 32 01 29 13,1,5,7,13,29,32,12146
9,24 15 23 32 02 12,2,12,15,23,24,32,12147
7,03 21 06 11 31 17,3,6,11,17,21,31,12148
13,26 25 32 01 13 05,1,5,13,25,26,32,12149
7,17 23 24 09 26 11,9,11,17,23,24,26,12150
1,25 24 32 14 26 05,5,14,24,25,26,32,12151
7,28 10 29 12 18 22,10,12,18,22,28,29,12152
10,21 11 04 05 28 27,4,5,11,21,27,28,12153
4,05 16 12 32 28 07,5,7,12,16,28,32,12154
6,06 15 25 08 24 14,6,8,14,15,24,25,13001
12,16 30 01 22 28 18,1,16,18,22,28,30,13002
9,22 28 23 26 33 27,22,23,26,27,28,33,13003
8,10 27 06 16 20 32,6,10,16,20,27,32,13004
12,01 25 32 13 31 14,1,13,14,25,31,32,13005
13,22 13 30 09 10 17,9,10,13,17,22,30,13006
1,32 02 15 26 09 22,2,9,15,22,26,32,13007
15,17 32 03 25 08 21,3,8,17,21,25,32,13008
2,04 16 23 01 13 09,1,4,9,13,16,23,13009
12,32 01 09 17 33 11,1,9,11,17,32,33,13010
9,12 03 17 27 29 24,3,12,17,24,27,29,13011
2,06 28 22 17 29 14,6,14,17,22,28,29,13012
9,06 19 13 28 05 22,5,6,13,19,22,28,13013
8,05 17 19 20 04 02,2,4,5,17,19,20,13014
15,05 18 13 06 07 11,5,6,7,11,13,18,13015
5,12 06 02 28 14 05,2,5,6,12,14,28,13016
9,31 12 30 32 04 06,4,6,12,30,31,32,13017
5,30 08 28 29 13 02,2,8,13,28,29,30,13018
6,20 26 16 05 01 02,1,2,5,16,20,26,13019
1,16 01 07 21 12 08,1,7,8,12,16,21,13020
11,19 31 26 01 17 06,1,6,17,19,26,31,13021
7,15 07 04 02 20 09,2,4,7,9,15,20,13022
5,32 03 15 06 18 30,3,6,15,18,30,32,13023
9,04 23 30 05 27 13,4,5,13,23,27,30,13024
8,30 16 18 25 17 24,16,17,18,24,25,30,13025
11,04 11 14 15 22 31,4,11,14,15,22,31,13026
12,24 21 01 12 04 02,1,2,4,12,21,24,13027
13,07 25 08 26 28 14,7,8,14,25,26,28,13028
12,29 23 06 19 10 07,6,7,10,19,23,29,13029
6,25 26 07 29 18 14,7,14,18,25,26,29,13030
3,03 15 14 13 33 21,3,13,14,15,21,33,13031
3,04 21 29 30 33 25,4,21,25,29,30,33,13032
1,06 28 17 19 13 05,5,6,13,17,19,28,13033
9,20 06 22 33 26 15,6,15,20,22,26,33,13034
2,26 17 15 14 30 01,1,14,15,17,26,30,13035
13,29 05 31 09 27 04,4,5,9,27,29,31,13036
14,18 15 32 28 27 02,2,15,18,27,28,32,13037
11,15 10 12 14 19 09,9,10,12,14,15,19,13038
6,02 15 24 29 01 14,1,2,14,15,24,29,13039
10,10 02 12 04 17 30,2,4,10,12,17,30,13040
5,23 17 10 02 24 12,2,10,12,17,23,24,13041
3,15 08 33 13 01 12,1,8,12,13,15,33,13042
16,17 25 06 15 14 03,3,6,14,15,17,25,13043
6,28 26 11 03 18 05,3,5,11,18,26,28,13044
12,07 06 14 31 08 23,6,7,8,14,23,31,13045
6,19 03 24 26 16 20,3,16,19,20,24,26,13046
12,01 27 17 30 11 08,1,8,11,17,27,30,13047
4,32 28 30 10 17 13,10,13,17,28,30,32,13048
14,16 32 14 10 21 13,10,13,14,16,21,32,13049
3,22 07 03 13 25 18,3,7,13,18,22,25,13050
2,29 08 15 28 19 12,8,12,15,19,28,29,13051
13,14 22 24 06 21 07,6,7,14,21,22,24,13052
14,30 22 03 33 13 12,3,12,13,22,30,33,13053
14,08 14 04 03 28 21,3,4,8,14,21,28,13054
6,32 19 27 18 22 08,8,18,19,22,27,32,13055
16,12 29 26 03 25 28,3,12,25,26,28,29,13056
5,13 19 26 16 28 23,13,16,19,23,26,28,13057
5,24 08 11 21 17 23,8,11,17,21,23,24,13058
9,27 29 03 10 24 18,3,10,18,24,27,29,13059
15,07 05 20 13 19 10,5,7,10,13,19,20,13060
12,06 05 18 13 12 07,5,6,7,12,13,18,13061
2,22 19 06 01 07 27,1,6,7,19,22,27,13062
12,31 20 15 23 10 18,10,15,18,20,23,31,13063
12,13 25 22 09 32 01,1,9,13,22,25,32,13064
2,23 07 30 19 18 29,7,18,19,23,29,30,13065
7,17 16 20 01 03 32,1,3,16,17,20,32,13066
6,09 01 04 30 15 22,1,4,9,15,22,30,13067
6,13 20 25 02 27 07,2,7,13,20,25,27,13068
6,30 16 18 17 07 33,7,16,17,18,30,33,13069
6,02 28 10 30 09 03,2,3,9,10,28,30,13070
9,21 12 26 28 05 23,5,12,21,23,26,28,13071
9,08 33 14 19 11 02,2,8,11,14,19,33,13072
11,13 20 28 17 09 02,2,9,13,17,20,28,13073
3,06 08 32 14 03 19,3,6,8,14,19,32,13074
14,04 09 06 33 25 30,4,6,9,25,30,33,13075
3,23 24 29 30 14 26,14,23,24,26,29,30,13076
3,09 14 26 24 29 23,9,14,23,24,26,29,13077
15,05 26 17 27 18 03,3,5,17,18,26,27,13078
13,26 07 22 19 13 17,7,13,17,19,22,26,13079
16,23 28 11 32 10 12,10,11,12,23,28,32,13080
13,01 10 31 13 04 21,1,4,10,13,21,31,13081
6,22 14 20 04 13 30,4,13,14,20,22,30,13082
9,12 19 14 06 23 05,5,6,12,14,19,23,13083
3,21 07 05 09 20 11,5,7,9,11,20,21,13084
16,02 12 16 08 14 32,2,8,12,14,16,32,13085
11,02 11 26 04 16 13,2,4,11,13,16,26,13086
5,24 28 23 02 13 19,2,13,19,23,24,28,13087
14,15 09 21 22 24 20,9,15,20,21,22,24,13088
13,04 08 19 25 21 12,4,8,12,19,21,25,13089
8,11 24 02 23 05 29,2,5,11,23,24,29,13090
10,31 14 24 28 04 25,4,14,24,25,28,31,13091
6,26 11 07 21 31 15,7,11,15,21,26,31,13092
14,31 26 08 02 29 01,1,2,8,26,29,31,13093
7,14 02 22 18 04 20,2,4,14,18,20,22,13094
10,29 28 19 15 01 06,1,6,15,19,28,29,13095
15,28 22 01 30 02 29,1,2,22,28,29,30,13096
7,17 23 22 14 25 05,5,14,17,22,23,25,13097
14,19 20 26 07 15 18,7,15,18,19,20,26,13098
3,20 26 31 21 05 11,5,11,20,21,26,31,13099
11,20 16 08 04 14 11,4,8,11,14,16,20,13100
1,05 23 32 09 27 07,5,7,9,23,27,32,13101
3,16 05 08 02 06 04,2,4,5,6,8,16,13102
7,04 20 09 18 02 13,2,4,9,13,18,20,13103
11,17 02 28 04 15 01,1,2,4,15,17,28,13104
9,11 27 01 31 32 23,1,11,23,27,31,32,13105
6,11 32 09 23 30 31,9,11,23,30,31,32,13106
11,17 11 28 31 07 09,7,9,11,17,28,31,13107
5,31 32 21 28 16 22,16,21,22,28,31,32,13108
8,24 09 23 29 32 27,9,23,24,27,29,32,13109
13,21 18 17 29 32 15,15,17,18,21,29,32,13110
13,06 02 33 03 01 08,1,2,3,6,8,33,13111
7,31 13 12 22 01 06,1,6,12,13,22,31,13112
9,33 24 07 04 17 11,4,7,11,17,24,33,13113
7,21 17 04 06 33 23,4,6,17,21,23,33,13114
8,03 18 27 17 16 12,3,12,16,17,18,27,13115
7,21 33 12 32 26 15,12,15,21,26,32,33,13116
16,33 27 24 12 09 13,9,12,13,24,27,33,13117
16,33 32 02 17 03 22,2,3,17,22,32,33,13118
9,20 26 22 15 32 05,5,15,20,22,26,32,13119
11,06 23 18 13 05 31,5,6,13,18,23,31,13120
7,07 06 05 25 27 04,4,5,6,7,25,27,13121
11,27 07 10 26 15 13,7,10,13,15,26,27,13122
2,25 02 11 17 01 06,1,2,6,11,17,25,13123
7,09 15 30 03 25 23,3,9,15,23,25,30,13124
16,28 25 04 08 18 06,4,6,8,18,25,28,13125
16,19 31 04 33 10 27,4,10,19,27,31,33,13126
14,22 13 03 20 02 33,2,3,13,20,22,33,13127
8,25 31 17 13 07 19,7,13,17,19,25,31,13128
14,27 31 14 05 10 06,5,6,10,14,27,31,13129
8,03 01 16 33 15 31,1,3,15,16,31,33,13130
9,19 12 17 26 06 04,4,6,12,17,19,26,13131
12,22 27 20 23 25 21,20,21,22,23,25,27,13132
1,22 12 04 07 25 19,4,7,12,19,22,25,13133
10,25 17 18 01 19 29,1,17,18,19,25,29,13134
12,24 31 09 23 29 25,9,23,24,25,29,31,13135
6,26 16 18 06 04 14,4,6,14,16,18,26,13136
10,27 17 04 19 24 23,4,17,19,23,24,27,13137
3,27 28 24 16 15 04,4,15,16,24,27,28,13138
8,11 27 07 21 13 08,7,8,11,13,21,27,13139
10,22 12 13 21 05 01,1,5,12,13,21,22,13140
4,05 04 31 03 25 30,3,4,5,25,30,31,13141
14,12 20 29 14 22 11,11,12,14,20,22,29,13142
11,27 18 32 21 22 12,12,18,21,22,27,32,13143
2,27 19 31 05 12 07,5,7,12,19,27,31,13144
15,13 10 24 16 23 06,6,10,13,16,23,24,13145
1,30 20 25 32 33 08,8,20,25,30,32,33,13146
8,19 30 17 02 15 16,2,15,16,17,19,30,13147
1,06 22 11 12 14 17,6,11,12,14,17,22,13148
11,25 18 32 09 26 30,9,18,25,26,30,32,13149
10,15 26 01 25 29 16,1,15,16,25,26,29,13150
9,09 33 03 19 10 28,3,9,10,19,28,33,13151
5,06 04 16 18 29 14,4,6,14,16,18,29,13152
10,18 28 11 08 33 13,8,11,13,18,28,33,13153
5,19 11 07 29 24 14,7,11,14,19,24,29,13154
1,09 27 29 20 03 15,3,9,15,20,27,29,14001
4,32 04 31 33 23 21,4,21,23,31,32,33,14002
12,10 33 30 06 28 11,6,10,11,28,30,33,14003
15,25 01 19 24 04 22,1,4,19,22,24,25,14004
4,33 18 15 32 27 23,15,18,23,27,32,33,14005
14,07 27 17 03 04 21,3,4,7,17,21,27,14006
14,28 12 14 18 08 10,8,10,12,14,18,28,14007
12,30 21 16 14 05 29,5,14,16,21,29,30,14008
16,19 20 09 25 08 32,8,9,19,20,25,32,14009
11,33 31 05 07 20 08,5,7,8,20,31,33,14010
2,14 13 21 32 09 10,9,10,13,14,21,32,14011
8,21 24 19 01 11 08,1,8,11,19,21,24,14012
13,15 21 13 05 17 09,5,9,13,15,17,21,14013
15,04 22 25 19 29 09,4,9,19,22,25,29,14014
9,11 19 30 32 33 02,2,11,19,30,32,33,14015
8,07 02 24 21 03 13,2,3,7,13,21,24,14016
10,26 06 25 04 14 07,4,6,7,14,25,26,14017
15,13 33 30 21 17 18,13,17,18,21,30,33,14018
7,20 15 19 10 02 21,2,10,15,19,20,21,14019
15,09 25 14 23 24 17,9,14,17,23,24,25,14020
12,29 10 22 17 15 08,8,10,15,17,22,29,14021
16,06 21 26 07 10 04,4,6,7,10,21,26,14022
10,09 21 17 13 07 22,7,9,13,17,21,22,14023
9,08 10 16 23 20 30,8,10,16,20,23,30,14024
16,16 30 01 05 14 10,1,5,10,14,16,30,14025
14,23 06 11 05 02 01,1,2,5,6,11,23,14026
1,31 08 30 14 16 10,8,10,14,16,30,31,14027
5,16 21 27 30 32 06,6,16,21,27,30,32,14028
14,07 21 16 29 02 14,2,7,14,16,21,29,14029
10,30 12 19 24 18 23,12,18,19,23,24,30,14030
14,27 10 21 16 17 04,4,10,16,17,21,27,14031
7,33 14 29 22 01 02,1,2,14,22,29,33,14032
12,33 13 32 28 05 23,5,13,23,28,32,33,14033
6,01 08 04 25 03 31,1,3,4,8,25,31,14034
6,17 07 33 32 08 09,7,8,9,17,32,33,14035
3,08 11 07 09 01 22,1,7,8,9,11,22,14036
7,24 14 25 30 06 13,6,13,14,24,25,30,14037
16,23 07 24 22 33 04,4,7,22,23,24,33,14038
7,15 31 11 03 19 20,3,11,15,19,20,31,14039
8,04 12 03 11 06 15,3,4,6,11,12,15,14040
2,21 18 07 22 11 16,7,11,16,18,21,22,14041
14,33 28 25 15 12 20,12,15,20,25,28,33,14042
9,02 14 05 09 33 24,2,5,9,14,24,33,14043
12,27 04 28 09 33 21,4,9,21,27,28,33,14044
15,04 02 09 22 11 19,2,4,9,11,19,22,14045
10,02 22 18 10 11 17,2,10,11,17,18,22,14046
15,11 19 08 10 12 29,8,10,11,12,19,29,14047
16,24 25 16 09 17 06,6,9,16,17,24,25,14048
6,32 07 23 16 17 06,6,7,16,17,23,32,14049
13,26 32 17 03 25 23,3,17,23,25,26,32,14050
13,21 19 24 10 23 16,10,16,19,21,23,24,14051
8,28 30 13 15 33 09,9,13,15,28,30,33,14052
2,22 31 17 19 14 26,14,17,19,22,26,31,14053
14,01 11 05 29 04 30,1,4,5,11,29,30,14054
4,19 30 21 09 02 14,2,9,14,19,21,30,14055
1,28 20 01 11 18 29,1,11,18,20,28,29,14056
8,31 12 04 02 18 23,2,4,12,18,23,31,14057
11,03 14 25 12 13 02,2,3,12,13,14,25,14058
13,12 05 25 13 08 23,5,8,12,13,23,25,14059
6,03 25 18 14 05 33,3,5,14,18,25,33,14060
8,14 28 02 17 31 27,2,14,17,27,28,31,14061
9,09 15 24 25 06 26,6,9,15,24,25,26,14062
16,22 17 08 31 21 03,3,8,17,21,22,31,14063
14,32 02 29 09 16 15,2,9,15,16,29,32,14064
6,22 04 08 05 10 03,3,4,5,8,10,22,14065
16,05 02 18 21 17 15,2,5,15,17,18,21,14066
6,17 06 23 01 07 18,1,6,7,17,18,23,14067
16,13 22 27 12 04 29,4,12,13,22,27,29,14068
11,19 12 05 30 17 25,5,12,17,19,25,30,14069
7,07 09 28 19 01 29,1,7,9,19,28,29,14070
14,22 04 12 02 17 25,2,4,12,17,22,25,14071
16,01 13 19 32 07 03,1,3,7,13,19,32,14072
2,12 20 33 30 16 01,1,12,16,20,30,33,14073
12,30 06 03 31 01 13,1,3,6,13,30,31,14074
6,22 29 11 27 09 03,3,9,11,22,27,29,14075
11,33 10 12 18 17 06,6,10,12,17,18,33,14076
10,15 22 09 12 08 19,8,9,12,15,19,22,14077
7,06 02 03 09 17 05,2,3,5,6,9,17,14078
2,02 28 22 07 27 16,2,7,16,22,27,28,14079
7,25 05 30 14 17 16,5,14,16,17,25,30,14080
10,29 08 22 27 24 14,8,14,22,24,27,29,14081
11,20 04 26 29 02 25,2,4,20,25,26,29,14082
12,23 33 05 21 06 19,5,6,19,21,23,33,14083
8,13 25 01 06 10 09,1,6,9,10,13,25,14084
8,02 29 19 01 11 23,1,2,11,19,23,29,14085
8,14 02 12 10 04 30,2,4,10,12,14,30,14086
6,18 06 23 33 32 22,6,18,22,23,32,33,14087
15,16 03 14 06 29 11,3,6,11,14,16,29,14088
9,27 14 04 30 17 06,4,6,14,17,27,30,14089
13,19 24 09 05 11 32,5,9,11,19,24,32,14090
14,05 01 29 27 12 19,1,5,12,19,27,29,14091
7,03 22 19 13 18 26,3,13,18,19,22,26,14092
5,10 20 08 02 29 09,2,8,9,10,20,29,14093
1,23 01 29 10 20 18,1,10,18,20,23,29,14094
8,22 05 08 06 14 31,5,6,8,14,22,31,14095
8,17 12 22 24 14 19,12,14,17,19,22,24,14096
15,27 13 24 25 07 32,7,13,24,25,27,32,14097
7,17 31 29 20 13 02,2,13,17,20,29,31,14098
14,05 32 13 10 11 01,1,5,10,11,13,32,14099
11,09 01 16 10 14 06,1,6,9,10,14,16,14100
7,18 16 23 32 24 20,16,18,20,23,24,32,14101
13,31 24 21 14 16 28,14,16,21,24,28,31,14102
4,08 10 33 18 09 03,3,8,9,10,18,33,14103
13,02 06 28 19 12 27,2,6,12,19,27,28,14104
4,27 19 17 14 32 16,14,16,17,19,27,32,14105
15,21 18 09 17 14 25,9,14,17,18,21,25,14106
16,22 27 17 11 25 14,11,14,17,22,25,27,14107
2,08 20 23 09 28 03,3,8,9,20,23,28,14108
2,05 19 11 28 02 15,2,5,11,15,19,28,14109
6,01 30 08 13 11 19,1,8,11,13,19,30,14110
2,08 28 22 20 17 02,2,8,17,20,22,28,14111
3,01 15 30 21 16 24,1,15,16,21,24,30,14112
7,31 32 33 14 28 12,12,14,28,31,32,33,14113
10,02 07 23 33 32 30,2,7,23,30,32,33,14114
3,32 10 11 01 09 13,1,9,10,11,13,32,14115
16,10 15 14 09 29 19,9,10,14,15,19,29,14116
4,25 05 29 10 17 28,5,10,17,25,28,29,14117
3,26 07 30 15 05 18,5,7,15,18,26,30,14118
9,26 06 20 17 13 29,6,13,17,20,26,29,14119
4,01 12 07 28 16 23,1,7,12,16,23,28,14120
9,13 22 01 28 30 02,1,2,13,22,28,30,14121
11,20 06 29 16 11 09,6,9,11,16,20,29,14122
5,11 33 01 28 06 17,1,6,11,17,28,33,14123
4,33 02 24 17 31 20,2,17,20,24,31,33,14124
6,11 15 31 10 32 26,10,11,15,26,31,32,14125
1,17 06 27 11 22 16,6,11,16,17,22,27,14126
12,23 21 27 02 10 12,2,10,12,21,23,27,14127
14,18 24 05 07 17 08,5,7,8,17,18,24,14128
2,20 28 08 09 32 05,5,8,9,20,28,32,14129
10,01 10 30 24 33 02,1,2,10,24,30,33,14130
14,28 21 22 05 32 17,5,17,21,22,28,32,14131
8,06 05 14 15 33 18,5,6,14,15,18,33,14132
13,14 13 31 16 23 30,13,14,16,23,30,31,14133
2,23 28 22 05 16 26,5,16,22,23,26,28,14134
1,33 04 02 13 11 25,2,4,11,13,25,33,14135
10,32 19 31 03 27 16,3,16,19,27,31,32,14136
9,06 11 29 03 25 09,3,6,9,11,25,29,14137
13,04 29 06 31 13 33,4,6,13,29,31,33,14138
11,15 14 25 29 20 01,1,14,15,20,25,29,14139
6,10 14 17 11 06 33,6,10,11,14,17,33,14140
10,21 09 16 08 11 24,8,9,11,16,21,24,14141
13,25 06 28 22 21 23,6,21,22,23,25,28,14142
16,25 20 18 03 26 12,3,12,18,20,25,26,14143
14,06 03 05 10 09 27,3,5,6,9,10,27,14144
11,12 23 29 26 13 10,10,12,13,23,26,29,14145
1,32 01 29 06 20 13,1,6,13,20,29,32,14146
10,06 26 07 31 22 32,6,7,22,26,31,32,14147
13,05 02 12 01 15 16,1,2,5,12,15,16,14148
1,15 19 10 33 09 07,7,9,10,15,19,33,14149
9,03 22 24 32 08 14,3,8,14,22,24,32,14150
8,08 27 21 11 05 04,4,5,8,11,21,27,14151
12,15 08 21 20 13 25,8,13,15,20,21,25,14152
6,09 01 07 23 16 20,1,7,9,16,20,23,15001
5,15 28 25 16 32 07,7,15,16,25,28,32,15002
15,31 15 23 10 24 20,10,15,20,23,24,31,15003
10,16 15 14 02 23 24,2,14,15,16,23,24,15004
15,07 18 32 17 16 10,7,10,16,17,18,32,15005
13,33 01 10 11 29 31,1,10,11,29,31,33,15006
8,17 01 09 33 07 20,1,7,9,17,20,33,15007
3,16 22 07 10 04 20,4,7,10,16,20,22,15008
14,14 25 21 17 07 04,4,7,14,17,21,25,15009
9,02 08 03 21 01 31,1,2,3,8,21,31,15010
15,14 04 15 18 17 20,4,14,15,17,18,20,15011
6,31 23 29 05 22 03,3,5,22,23,29,31,15012
1,26 09 08 25 29 24,8,9,24,25,26,29,15013
11,19 16 30 27 02 12,2,12,16,19,27,30,15014
4,07 33 25 24 01 20,1,7,20,24,25,33,15015
13,10 06 17 15 02 31,2,6,10,15,17,31,15016
12,20 18 13 27 33 25,13,18,20,25,27,33,15017
9,12 28 09 06 14 29,6,9,12,14,28,29,15018
4,26 19 06 11 02 25,2,6,11,19,25,26,15019
4,04 07 01 23 19 22,1,4,7,19,22,23,15020
8,14 27 28 17 16 15,14,15,16,17,27,28,15021
10,10 16 07 04 23 25,4,7,10,16,23,25,15022
1,09 08 13 29 10 30,8,9,10,13,29,30,15023
10,09 23 11 24 18 16,9,11,16,18,23,24,15024
14,11 32 15 27 12 10,10,11,12,15,27,32,15025
13,33 17 13 02 22 21,2,13,17,21,22,33,15026
7,07 29 26 16 09 05,5,7,9,16,26,29,15027
14,04 28 26 27 07 10,4,7,10,26,27,28,15028
7,14 15 07 28 21 19,7,14,15,19,21,28,15029
7,08 11 14 15 26 16,8,11,14,15,16,26,15030
11,22 26 01 05 07 32,1,5,7,22,26,32,15031
16,16 29 18 14 32 11,11,14,16,18,29,32,15032
5,31 06 32 21 29 03,3,6,21,29,31,32,15033
13,27 13 18 12 20 17,12,13,17,18,20,27,15034
3,09 01 08 24 22 33,1,8,9,22,24,33,15035
3,33 04 17 06 16 26,4,6,16,17,26,33,15036
3,31 05 28 07 18 12,5,7,12,18,28,31,15037
14,33 11 05 06 12 14,5,6,11,12,14,33,15038
12,26 30 13 29 01 15,1,13,15,26,29,30,15039
16,27 30 16 18 32 13,13,16,18,27,30,32,15040
6,25 11 09 17 04 21,4,9,11,17,21,25,15041
8,23 10 21 09 19 32,9,10,19,21,23,32,15042
15,26 11 24 27 12 15,11,12,15,24,26,27,15043
2,14 04 03 16 13 02,2,3,4,13,14,16,15044
7,30 31 22 01 13 05,1,5,13,22,30,31,15045
1,31 23 05 10 14 07,5,7,10,14,23,31,15046
9,20 24 26 27 02 03,2,3,20,24,26,27,15047
10,27 22 16 13 17 25,13,16,17,22,25,27,15048
5,23 17 07 20 12 14,7,12,14,17,20,23,15049
4,17 12 16 03 09 31,3,9,12,16,17,31,15050
9,32 04 24 26 10 28,4,10,24,26,28,32,15051
12,25 04 16 26 11 02,2,4,11,16,25,26,15052
10,32 07 17 03 33 22,3,7,17,22,32,33,15053
7,22 01 10 26 07 02,1,2,7,10,22,26,15054
2,19 10 18 01 28 15,1,10,15,18,19,28,15055
14,01 08 18 20 16 07,1,7,8,16,18,20,15056
4,25 24 32 20 09 26,9,20,24,25,26,32,15057
15,10 18 02 20 09 19,2,9,10,18,19,20,15058
14,25 06 16 02 32 09,2,6,9,16,25,32,15059
13,18 01 27 31 32 03,1,3,18,27,31,32,15060
4,18 26 06 32 22 33,6,18,22,26,32,33,15061
16,18 26 14 15 09 21,9,14,15,18,21,26,15062
12,07 09 16 32 22 01,1,7,9,16,22,32,15063
1,14 27 23 12 11 17,11,12,14,17,23,27,15064
12,29 26 08 14 10 19,8,10,14,19,26,29,15065
16,17 08 11 28 05 24,5,8,11,17,24,28,15066
14,05 24 25 31 02 08,2,5,8,24,25,31,15067
10,27 15 06 21 26 18,6,15,18,21,26,27,15068
15,23 17 18 30 13 01,1,13,17,18,23,30,15069
15,29 07 19 21 13 01,1,7,13,19,21,29,15070
8,28 29 08 18 20 31,8,18,20,28,29,31,15071
5,01 31 05 20 03 21,1,3,5,20,21,31,15072
4,02 27 26 01 22 17,1,2,17,22,26,27,15073
8,21 29 04 26 25 07,4,7,21,25,26,29,15074
4,06 19 32 13 21 11,6,11,13,19,21,32,15075
9,01 09 27 10 19 23,1,9,10,19,23,27,15076
16,27 06 13 08 10 01,1,6,8,10,13,27,15077
2,22 07 26 29 03 20,3,7,20,22,26,29,15078
11,15 09 32 14 20 26,9,14,15,20,26,32,15079
2,30 14 25 17 27 28,14,17,25,27,28,30,15080
13,31 28 13 22 20 26,13,20,22,26,28,31,15081
7,14 09 02 28 30 08,2,8,9,14,28,30,15082
5,18 07 06 32 16 29,6,7,16,18,29,32,15083
15,29 28 15 20 22 18,15,18,20,22,28,29,15084
5,25 08 02 28 27 29,2,8,25,27,28,29,15085
12,06 05 18 16 08 22,5,6,8,16,18,22,15086
11,20 15 09 28 19 16,9,15,16,19,20,28,15087
9,02 12 29 31 20 24,2,12,20,24,29,31,15088
1,28 14 29 19 12 27,12,14,19,27,28,29,15089
15,12 33 22 10 25 14,10,12,14,22,25,33,15090
11,17 22 07 05 19 31,5,7,17,19,22,31,15091
1,27 26 09 19 21 15,9,15,19,21,26,27,15092
8,31 01 25 21 13 03,1,3,13,21,25,31,15093
10,16 06 17 04 13 01,1,4,6,13,16,17,15094
4,30 28 31 04 15 21,4,15,21,28,30,31,15095
7,31 23 24 16 17 06,6,16,17,23,24,31,15096
4,14 27 20 12 09 26,9,12,14,20,26,27,15097
1,26 09 13 27 33 06,6,9,13,26,27,33,15098
9,07 14 22 11 06 10,6,7,10,11,14,22,15099
8,19 21 03 11 17 02,2,3,11,17,19,21,15100
5,22 16 29 28 24 08,8,16,22,24,28,29,15101
6,07 14 12 23 09 21,7,9,12,14,21,23,15102
14,30 32 08 06 13 26,6,8,13,26,30,32,15103
1,23 21 09 18 26 25,9,18,21,23,25,26,15104
12,10 09 26 19 16 20,9,10,16,19,20,26,15105
13,31 32 03 04 01 23,1,3,4,23,31,32,15106
8,07 18 21 25 16 14,7,14,16,18,21,25,15107
15,02 24 12 27 22 19,2,12,19,22,24,27,15108
13,33 16 09 01 32 08,1,8,9,16,32,33,15109
4,16 05 22 07 23 17,5,7,16,17,22,23,15110
12,20 16 14 30 08 18,8,14,16,18,20,30,15111
11,03 27 10 19 20 01,1,3,10,19,20,27,15112
12,27 07 05 19 01 08,1,5,7,8,19,27,15113
1,13 21 26 04 07 09,4,7,9,13,21,26,15114
3,07 01 32 24 14 08,1,7,8,14,24,32,15115
11,23 15 04 26 06 28,4,6,15,23,26,28,15116
12,11 04 26 12 32 18,4,11,12,18,26,32,15117
12,21 01 23 31 11 04,1,4,11,21,23,31,15118
8,31 23 18 02 10 08,2,8,10,18,23,31,15119
16,21 24 29 16 27 26,16,21,24,26,27,29,15120
12,03 21 20 01 29 28,1,3,20,21,28,29,15121
7,22 05 16 25 11 07,5,7,11,16,22,25,15122
7,22 05 28 09 12 08,5,8,9,12,22,28,15123
1,03 27 02 05 18 12,2,3,5,12,18,27,15124
10,27 30 13 33 22 05,5,13,22,27,30,33,15125
12,23 10 29 15 20 11,10,11,15,20,23,29,15126
6,22 07 19 27 33 10,7,10,19,22,27,33,15127
6,08 11 22 01 28 03,1,3,8,11,22,28,15128
4,05 08 16 27 11 18,5,8,11,16,18,27,15129
10,15 17 06 22 14 16,6,14,15,16,17,22,15130
3,10 22 13 26 19 12,10,12,13,19,22,26,15131
1,03 28 11 05 30 33,3,5,11,28,30,33,15132
15,24 03 02 20 22 13,2,3,13,20,22,24,15133
4,14 19 27 05 31 02,2,5,14,19,27,31,15134
7,14 18 01 26 32 12,1,12,14,18,26,32,15135
1,05 28 12 02 29 23,2,5,12,23,28,29,15136
12,27 31 28 14 22 23,14,22,23,27,28,31,15137
11,08 01 24 16 19 02,1,2,8,16,19,24,15138
9,13 18 25 01 10 27,1,10,13,18,25,27,15139
12,28 30 29 20 06 31,6,20,28,29,30,31,15140
2,28 25 03 08 19 27,3,8,19,25,27,28,15141
11,22 13 17 20 19 25,13,17,19,20,22,25,15142
4,20 15 19 13 21 32,13,15,19,20,21,32,15143
16,07 32 15 04 28 01,1,4,7,15,28,32,15144
13,08 07 19 24 15 20,7,8,15,19,20,24,15145
15,17 28 16 30 32 21,16,17,21,28,30,32,15146
5,23 30 08 09 16 24,8,9,16,23,24,30,15147
7,14 09 27 26 13 22,9,13,14,22,26,27,15148
9,09 21 33 10 22 20,9,10,20,21,22,33,15149
13,08 01 03 31 11 29,1,3,8,11,29,31,15150
11,32 05 06 31 23 08,5,6,8,23,31,32,15151
12,18 32 11 19 21 29,11,18,19,21,29,32,15152
3,11 15 27 08 29 22,8,11,15,22,27,29,15153
7,25 11 18 07 15 09,7,9,11,15,18,25,15154
13,18 22 20 16 13 06,6,13,16,18,20,22,16001
16,09 14 30 17 24 20,9,14,17,20,24,30,16002
1,10 14 26 28 23 01,1,10,14,23,26,28,16003
12,08 22 10 17 25 33,8,10,17,22,25,33,16004
14,20 31 11 14 18 33,11,14,18,20,31,33,16005
12,31 16 28 18 20 13,13,16,18,20,28,31,16006
6,12 20 14 27 29 05,5,12,14,20,27,29,16007
2,29 33 15 02 32 24,2,15,24,29,32,33,16008
4,27 14 24 25 32 10,10,14,24,25,27,32,16009
6,12 14 02 04 25 19,2,4,12,14,19,25,16010
12,22 29 10 03 08 15,3,8,10,15,22,29,16011
15,32 12 16 07 14 27,7,12,14,16,27,32,16012
1,21 22 31 07 26 12,7,12,21,22,26,31,16013
7,02 10 27 20 08 18,2,8,10,18,20,27,16014
7,26 22 25 14 01 02,1,2,14,22,25,26,16015
16,22 20 01 25 26 24,1,20,22,24,25,26,16016
5,20 08 30 05 22 06,5,6,8,20,22,30,16017
4,14 17 13 21 25 12,12,13,14,17,21,25,16018
10,06 17 13 16 30 23,6,13,16,17,23,30,16019
10,01 12 22 10 02 24,1,2,10,12,22,24,16020
5,13 11 22 26 24 09,9,11,13,22,24,26,16021
7,23 22 30 19 04 09,4,9,19,22,23,30,16022
7,03 29 25 06 10 19,3,6,10,19,25,29,16023
13,02 05 07 31 14 18,2,5,7,14,18,31,16024
12,11 04 30 12 24 17,4,11,12,17,24,30,16025
1,30 09 12 04 28 33,4,9,12,28,30,33,16026
5,11 15 13 17 19 31,11,13,15,17,19,31,16027
1,25 29 21 12 06 08,6,8,12,21,25,29,16028
15,18 20 21 27 12 15,12,15,18,20,21,27,16029
12,22 14 19 25 10 29,10,14,19,22,25,29,16030
3,03 10 19 08 33 26,3,8,10,19,26,33,16031
15,14 15 08 27 21 12,8,12,14,15,21,27,16032
15,06 17 20 18 29 27,6,17,18,20,27,29,16033
15,15 28 21 22 03 23,3,15,21,22,23,28,16034
11,19 29 13 04 26 20,4,13,19,20,26,29,16035
3,20 22 04 07 03 09,3,4,7,9,20,22,16036
16,31 33 32 06 15 26,6,15,26,31,32,33,16037
3,12 22 13 29 03 28,3,12,13,22,28,29,16038
16,07 01 19 18 27 03,1,3,7,18,19,27,16039
3,23 19 20 03 13 26,3,13,19,20,23,26,16040
4,18 21 12 22 24 17,12,17,18,21,22,24,16041
9,17 31 07 23 26 14,7,14,17,23,26,31,16042
12,30 26 20 33 05 14,5,14,20,26,30,33,16043
1,10 30 03 12 18 01,1,3,10,12,18,30,16044
3,04 32 17 09 30 12,4,9,12,17,30,32,16045
14,30 25 20 26 07 27,7,20,25,26,27,30,16046
16,05 08 22 02 17 15,2,5,8,15,17,22,16047
4,15 08 13 14 03 30,3,8,13,14,15,30,16048
10,08 13 06 14 22 27,6,8,13,14,22,27,16049
2,28 29 09 24 12 30,9,12,24,28,29,30,16050
12,33 09 15 01 04 02,1,2,4,9,15,33,16051
16,13 28 19 01 24 06,1,6,13,19,24,28,16052
1,08 31 29 10 12 02,2,8,10,12,29,31,16053
4,16 11 28 19 32 06,6,11,16,19,28,32,16054
11,16 10 22 26 05 06,5,6,10,16,22,26,16055
14,18 11 03 16 04 08,3,4,8,11,16,18,16056
11,26 19 23 22 12 07,7,12,19,22,23,26,16057
11,18 03 05 20 24 32,3,5,18,20,24,32,16058
15,28 04 25 20 11 12,4,11,12,20,25,28,16059
8,05 22 29 04 26 32,4,5,22,26,29,32,16060
8,05 20 06 32 18 08,5,6,8,18,20,32,16061
9,19 21 12 18 13 15,12,13,15,18,19,21,16062
7,28 18 17 23 32 16,16,17,18,23,28,32,16063
3,26 12 19 17 03 14,3,12,14,17,19,26,16064
14,13 26 16 27 22 25,13,16,22,25,26,27,16065
5,13 07 20 03 18 19,3,7,13,18,19,20,16066
4,09 18 31 13 27 20,9,13,18,20,27,31,16067
1,28 19 08 23 31 32,8,19,23,28,31,32,16068
11,11 21 27 20 10 08,8,10,11,20,21,27,16069
1,06 03 11 29 23 18,3,6,11,18,23,29,16070
1,29 28 21 26 19 32,19,21,26,28,29,32,16071
2,25 19 05 16 24 22,5,16,19,22,24,25,16072
13,12 11 16 09 15 20,9,11,12,15,16,20,16073
12,11 10 12 06 20 25,6,10,11,12,20,25,16074
7,29 06 16 01 03 32,1,3,6,16,29,32,16075
1,08 22 30 32 13 07,7,8,13,22,30,32,16076
10,29 19 17 09 20 01,1,9,17,19,20,29,16077
2,04 02 29 23 26 08,2,4,8,23,26,29,16078
2,10 12 24 28 01 03,1,3,10,12,24,28,16079
14,17 24 25 16 32 01,1,16,17,24,25,32,16080
7,15 02 30 25 32 06,2,6,15,25,30,32,16081
9,20 15 12 17 06 14,6,12,14,15,17,20,16082
4,30 09 17 31 16 24,9,16,17,24,30,31,16083
5,24 02 18 12 04 26,2,4,12,18,24,26,16084
16,25 12 19 20 21 01,1,12,19,20,21,25,16085
5,12 10 32 11 15 09,9,10,11,12,15,32,16086
12,14 11 10 03 02 21,2,3,10,11,14,21,16087
15,14 33 25 03 16 18,3,14,16,18,25,33,16088
8,31 01 14 30 32 03,1,3,14,30,31,32,16089
7,26 02 21 20 13 17,2,13,17,20,21,26,16090
7,22 14 04 23 28 08,4,8,14,22,23,28,16091
6,02 23 13 24 29 15,2,13,15,23,24,29,16092
9,06 25 17 09 27 15,6,9,15,17,25,27,16093
10,07 06 31 18 10 12,6,7,10,12,18,31,16094
12,12 01 09 18 05 32,1,5,9,12,18,32,16095
16,06 14 21 22 24 13,6,13,14,21,22,24,16096
1,28 13 25 26 31 06,6,13,25,26,28,31,16097
6,02 32 08 29 25 31,2,8,25,29,31,32,16098
6,01 11 33 21 27 23,1,11,21,23,27,33,16099
4,23 03 10 22 29 27,3,10,22,23,27,29,16100
1,33 24 19 03 32 01,1,3,19,24,32,33,16101
13,10 30 05 14 08 17,5,8,10,14,17,30,16102
11,27 13 24 19 01 05,1,5,13,19,24,27,16103
4,09 18 30 11 31 05,5,9,11,18,30,31,16104
16,08 27 28 31 19 10,8,10,19,27,28,31,16105
4,13 04 30 22 05 25,4,5,13,22,25,30,16106
1,11 26 32 18 27 06,6,11,18,26,27,32,16107
16,03 07 26 19 02 08,2,3,7,8,19,26,16108
5,11 16 15 33 09 27,9,11,15,16,27,33,16109
8,32 28 05 31 07 33,5,7,28,31,32,33,16110
4,15 14 04 32 07 02,2,4,7,14,15,32,16111
12,15 12 25 06 18 14,6,12,14,15,18,25,16112
14,11 26 01 16 17 20,1,11,16,17,20,26,16113
9,16 22 29 05 20 27,5,16,20,22,27,29,16114
9,22 27 20 26 08 06,6,8,20,22,26,27,16115
13,20 07 27 23 18 31,7,18,20,23,27,31,16116
2,17 14 10 28 33 03,3,10,14,17,28,33,16117
14,14 33 31 23 09 22,9,14,22,23,31,33,16118
4,09 32 30 21 19 31,9,19,21,30,31,32,16119
9,06 21 28 25 02 05,2,5,6,21,25,28,16120
9,28 23 02 10 25 03,2,3,10,23,25,28,16121
8,15 28 23 29 22 24,15,22,23,24,28,29,16122
16,09 20 12 27 14 07,7,9,12,14,20,27,16123
10,32 21 09 15 27 24,9,15,21,24,27,32,16124
3,01 08 06 30 20 27,1,6,8,20,27,30,16125
10,12 18 06 02 19 17,2,6,12,17,18,19,16126
16,17 12 07 29 31 26,7,12,17,26,29,31,16127
13,11 09 27 26 04 17,4,9,11,17,26,27,16128
14,33 06 08 31 05 21,5,6,8,21,31,33,16129
1,23 17 27 21 03 28,3,17,21,23,27,28,16130
2,19 18 25 27 10 04,4,10,18,19,25,27,16131
7,28 05 08 19 27 13,5,8,13,19,27,28,16132
15,15 22 21 27 33 16,15,16,21,22,27,33,16133
13,33 18 13 11 12 14,11,12,13,14,18,33,16134
12,33 20 02 08 18 10,2,8,10,18,20,33,16135
3,10 27 02 29 20 07,2,7,10,20,27,29,16136
14,32 15 10 06 01 09,1,6,9,10,15,32,16137
7,07 20 24 30 25 16,7,16,20,24,25,30,16138
3,28 19 26 30 06 01,1,6,19,26,28,30,16139
10,32 26 02 17 01 05,1,2,5,17,26,32,16140
15,24 21 04 17 13 15,4,13,15,17,21,24,16141
12,21 30 10 23 01 17,1,10,17,21,23,30,16142
13,09 06 24 23 25 33,6,9,23,24,25,33,16143
5,27 10 04 12 33 32,4,10,12,27,32,33,16144
6,01 03 07 12 19 20,1,3,7,12,19,20,16145
10,03 15 17 07 16 23,3,7,15,16,17,23,16146
12,14 28 31 32 18 04,4,14,18,28,31,32,16147
14,20 01 26 11 30 02,1,2,11,20,26,30,16148
7,32 26 23 20 03 33,3,20,23,26,32,33,16149
5,21 04 09 02 05 13,2,4,5,9,13,21,16150
7,11 06 20 22 16 33,6,11,16,20,22,33,16151
7,08 09 20 22 16 02,2,8,9,16,20,22,16152
6,09 16 25 07 29 24,7,9,16,24,25,29,16153
3,24 32 23 19 25 15,15,19,23,24,25,32,17002
16,01 27 15 32 08 04,1,4,8,15,27,32,17003
7,30 27 05 17 13 26,5,13,17,26,27,30,17004
5,11 12 23 06 30 22,6,11,12,22,23,30,17005
8,26 29 04 02 08 33,2,4,8,26,29,33,17006
15,26 33 02 04 24 05,2,4,5,24,26,33,17007
13,28 13 15 07 29 27,7,13,15,27,28,29,17008
14,02 08 29 09 15 06,2,6,8,9,15,29,17009
7,28 05 30 25 08 19,5,8,19,25,28,30,17010
16,26 10 29 23 12 11,10,11,12,23,26,29,17011
7,11 16 24 10 15 14,10,11,14,15,16,24,17012
6,28 31 33 08 11 29,8,11,28,29,31,33,17013
13,18 06 20 31 23 08,6,8,18,20,23,31,17014
1,08 01 32 09 17 14,1,8,9,14,17,32,17015
2,08 29 27 05 16 22,5,8,16,22,27,29,17016
12,10 03 08 07 22 23,3,7,8,10,22,23,17017
9,01 31 25 02 17 03,1,2,3,17,25,31,17018
8,25 04 12 06 23 08,4,6,8,12,23,25,17019
10,31 12 04 08 33 10,4,8,10,12,31,33,17020
9,05 10 33 02 22 32,2,5,10,22,32,33,17021
15,16 18 06 15 02 32,2,6,15,16,18,32,17022
14,03 04 22 18 01 11,1,3,4,11,18,22,17023
13,25 21 09 29 31 26,9,21,25,26,29,31,17024
7,15 02 22 17 16 32,2,15,16,17,22,32,17025
8,30 19 10 03 12 27,3,10,12,19,27,30,17026
5,11 30 27 02 14 04,2,4,11,14,27,30,17027
9,07 08 12 30 13 22,7,8,12,13,22,30,17028
10,25 23 30 02 15 21,2,15,21,23,25,30,17029
2,09 23 30 07 01 20,1,7,9,20,23,30,17030
3,26 10 06 27 29 16,6,10,16,26,27,29,17031
11,24 27 31 15 05 08,5,8,15,24,27,31,17032
15,30 23 05 07 15 20,5,7,15,20,23,30,17033
13,19 32 04 08 33 07,4,7,8,19,32,33,17034
12,28 01 32 06 24 14,1,6,14,24,28,32,17035
15,10 24 02 27 01 05,1,2,5,10,24,27,17036
5,25 11 30 20 22 15,11,15,20,22,25,30,17037
5,01 04 13 08 24 27,1,4,8,13,24,27,17038
15,02 12 04 17 24 14,2,4,12,14,17,24,17039
4,33 28 19 23 29 15,15,19,23,28,29,33,17040
4,13 27 22 04 15 10,4,10,13,15,22,27,17041
4,23 02 07 04 10 01,1,2,4,7,10,23,17042
8,08 13 23 16 27 31,8,13,16,23,27,31,17043
6,08 31 16 19 32 21,8,16,19,21,31,32,17044
5,16 25 07 21 05 20,5,7,16,20,21,25,17045
10,04 13 26 32 23 14,4,13,14,23,26,32,17046
2,33 10 08 32 05 02,2,5,8,10,32,33,17047
7,09 14 15 19 05 08,5,8,9,14,15,19,17048
10,14 08 15 29 01 20,1,8,14,15,20,29,17049
7,27 12 20 29 10 24,10,12,20,24,27,29,17050
11,09 15 24 02 05 25,2,5,9,15,24,25,17051
7,31 08 18 24 07 29,7,8,18,24,29,31,17052
6,15 04 09 31 29 11,4,9,11,15,29,31,17053
8,09 02 33 28 23 03,2,3,9,23,28,33,17054
5,12 24 13 20 31 07,7,12,13,20,24,31,17055
6,13 21 14 18 19 28,13,14,18,19,21,28,17056
16,18 31 30 20 22 23,18,20,22,23,30,31,17057
11,01 09 28 22 32 13,1,9,13,22,28,32,17058
9,15 25 09 19 08 04,4,8,9,15,19,25,17059
4,26 10 13 24 05 31,5,10,13,24,26,31,17060
11,06 20 12 26 07 27,6,7,12,20,26,27,17061
10,26 31 22 24 07 01,1,7,22,24,26,31,17062
4,12 25 22 31 20 16,12,16,20,22,25,31,17063
15,16 10 24 02 28 22,2,10,16,22,24,28,17064
7,02 08 10 12 05 21,2,5,8,10,12,21,17065
3,26 01 04 17 06 19,1,4,6,17,19,26,17066
4,01 29 03 10 04 18,1,3,4,10,18,29,17067
15,02 30 22 10 31 06,2,6,10,22,30,31,17068
5,11 31 02 29 23 12,2,11,12,23,29,31,17069
12,25 01 22 06 14 26,1,6,14,22,25,26,17070
3,02 31 03 32 06 14,2,3,6,14,31,32,17071
2,23 11 26 30 06 14,6,11,14,23,26,30,17072
14,06 16 03 23 26 30,3,6,16,23,26,30,17073
2,06 23 16 31 30 02,2,6,16,23,30,31,17074
7,19 01 06 03 29 21,1,3,6,19,21,29,17075
13,04 01 08 15 14 09,1,4,8,9,14,15,17076
14,22 17 02 01 04 15,1,2,4,15,17,22,17077
16,18 24 22 07 05 19,5,7,18,19,22,24,17078
8,03 27 23 14 07 25,3,7,14,23,25,27,17079
8,24 12 16 01 22 20,1,12,16,20,22,24,17080
5,03 14 05 30 26 25,3,5,14,25,26,30,17081
10,14 21 18 28 29 25,14,18,21,25,28,29,17082
12,08 14 24 20 03 26,3,8,14,20,24,26,17083
2,11 05 01 22 24 20,1,5,11,20,22,24,17084
9,01 25 30 06 05 16,1,5,6,16,25,30,17085
7,05 06 13 03 22 20,3,5,6,13,20,22,17086
6,28 03 19 14 13 06,3,6,13,14,19,28,17087
6,22 18 07 29 23 09,7,9,18,22,23,29,17088
12,16 11 12 13 23 25,11,12,13,16,23,25,17089
9,33 16 22 10 01 07,1,7,10,16,22,33,17090
3,07 10 28 05 23 29,5,7,10,23,28,29,17091
9,29 10 33 18 19 32,10,18,19,29,32,33,17092
12,22 07 27 09 15 08,7,8,9,15,22,27,17093
6,31 28 08 11 19 13,8,11,13,19,28,31,17094
16,22 09 19 12 29 10,9,10,12,19,22,29,17095
6,12 19 02 06 29 11,2,6,11,12,19,29,17096
3,18 10 30 31 19 05,5,10,18,19,30,31,17097
1,04 27 22 30 33 19,4,19,22,27,30,33,17098
4,06 05 16 28 29 02,2,5,6,16,28,29,17099
2,23 04 07 18 24 08,4,7,8,18,23,24,17100
16,11 28 01 32 04 31,1,4,11,28,31,32,17101
11,10 14 04 20 18 08,4,8,10,14,18,20,17102
1,25 31 33 01 21 23,1,21,23,25,31,33,17103
14,01 14 23 30 20 15,1,14,15,20,23,30,17104
7,03 12 06 25 07 26,3,6,7,12,25,26,17105
2,31 20 25 12 15 27,12,15,20,25,27,31,17106
6,32 30 08 09 15 17,8,9,15,17,30,32,17107
1,17 14 15 20 07 12,7,12,14,15,17,20,17108
16,21 16 08 14 18 23,8,14,16,18,21,23,17109
14,12 19 15 23 01 03,1,3,12,15,19,23,17110
12,19 10 05 32 17 29,5,10,17,19,29,32,17111
11,23 16 22 10 03 14,3,10,14,16,22,23,17112
5,29 06 04 33 16 27,4,6,16,27,29,33,17113
13,06 12 15 13 18 26,6,12,13,15,18,26,17114
1,11 04 31 25 10 30,4,10,11,25,30,31,17115
2,14 30 22 32 02 20,2,14,20,22,30,32,17116
9,11 08 02 01 14 21,1,2,8,11,14,21,17117
16,22 33 09 30 15 08,8,9,15,22,30,33,17118
14,31 09 25 26 21 16,9,16,21,25,26,31,17119
16,10 19 08 23 28 15,8,10,15,19,23,28,17120
7,32 19 22 18 24 11,11,18,19,22,24,32,17121
15,22 21 27 24 20 11,11,20,21,22,24,27,17122
10,06 31 04 21 11 05,4,5,6,11,21,31,17123
3,28 26 02 06 29 11,2,6,11,26,28,29,17124
3,25 23 14 01 29 30,1,14,23,25,29,30,17125
16,21 01 27 30 16 17,1,16,17,21,27,30,17126
12,21 24 14 27 32 15,14,15,21,24,27,32,17127
8,22 29 02 31 13 06,2,6,13,22,29,31,17128
2,14 33 09 21 06 05,5,6,9,14,21,33,17129
2,31 13 05 23 25 14,5,13,14,23,25,31,17130
11,07 27 10 01 11 26,1,7,10,11,26,27,17131
11,09 13 05 02 03 28,2,3,5,9,13,28,17132
11,30 23 18 15 17 06,6,15,17,18,23,30,17133
4,28 05 04 11 14 32,4,5,11,14,28,32,17134
16,07 14 18 06 01 26,1,6,7,14,18,26,17135
12,03 10 18 07 24 21,3,7,10,18,21,24,17136
3,26 10 23 31 05 20,5,10,20,23,26,31,17137
2,28 01 24 17 32 33,1,17,24,28,32,33,17138
16,28 14 24 02 20 32,2,14,20,24,28,32,17139
8,28 21 22 25 29 30,21,22,25,28,29,30,17140
5,07 06 11 13 01 15,1,6,7,11,13,15,17141
6,23 13 14 18 08 33,8,13,14,18,23,33,17142
14,14 06 29 20 04 09,4,6,9,14,20,29,17143
9,16 14 32 03 20 31,3,14,16,20,31,32,17144
12,17 12 28 06 25 02,2,6,12,17,25,28,17145
10,01 25 27 26 33 19,1,19,25,26,27,33,17146
14,25 31 07 20 03 21,3,7,20,21,25,31,17147
12,07 32 11 14 04 29,4,7,11,14,29,32,17148
13,30 20 05 08 27 15,5,8,15,20,27,30,17149
8,20 23 19 14 21 06,6,14,19,20,21,23,17150
16,09 07 27 02 11 05,2,5,7,9,11,27,17151
5,29 26 23 10 06 25,6,10,23,25,26,29,17152
16,13 11 07 18 19 12,7,11,12,13,18,19,17153
5,15 05 18 13 26 09,5,9,13,15,18,26,17154
4,28 11 26 01 31 08,1,8,11,26,28,31,18001
16,07 33 18 24 31 29,7,18,24,29,31,33,18002
4,16 31 20 01 14 17,1,14,16,17,20,31,18003
11,31 18 30 26 14 19,14,18,19,26,30,31,18004
6,31 20 21 02 33 28,2,20,21,28,31,33,18005
11,09 29 17 07 08 02,2,7,8,9,17,29,18006
12,31 20 13 25 27 14,13,14,20,25,27,31,18007
13,05 09 17 12 10 19,5,9,10,12,17,19,18008
7,10 17 26 23 05 32,5,10,17,23,26,32,18009
3,21 22 08 17 01 20,1,8,17,20,21,22,18010
11,27 10 03 21 23 33,3,10,21,23,27,33,18011
12,12 19 26 11 28 13,11,12,13,19,26,28,18012
6,08 13 33 15 22 06,6,8,13,15,22,33,18013
7,09 20 31 28 12 24,9,12,20,24,28,31,18014
15,11 26 21 15 20 33,11,15,20,21,26,33,18015
16,27 11 25 12 18 01,1,11,12,18,25,27,18016
12,06 30 03 11 26 32,3,6,11,26,30,32,18017
7,27 02 25 13 18 12,2,12,13,18,25,27,18018
9,21 16 23 11 03 12,3,11,12,16,21,23,18019
5,10 30 14 06 09 28,6,9,10,14,28,30,18020
14,04 11 28 06 23 03,3,4,6,11,23,28,18021
3,14 22 19 21 07 23,7,14,19,21,22,23,18022
16,16 29 26 12 15 21,12,15,16,21,26,29,18023
2,32 11 26 19 31 22,11,19,22,26,31,32,18024
14,25 13 04 21 16 19,4,13,16,19,21,25,18025
4,04 07 26 12 14 32,4,7,12,14,26,32,18026
5,28 07 14 09 18 02,2,7,9,14,18,28,18027
16,08 03 18 11 14 23,3,8,11,14,18,23,18028
5,02 22 09 14 25 01,1,2,9,14,22,25,18029
7,13 14 20 33 25 21,13,14,20,21,25,33,18030
